#Frequency (Hz),Channel 1 Magnitude (dB),Channel 2 Magnitude (dB),Channel 2 Phase (deg)
100.0000000000001,0.01370337992584343,-0.07851668838507089,-14.71145446630301
101.391138573668,0.01391800265026789,-0.07999131121681843,-14.92686043997209
102.8016298126474,0.01346118572996948,-0.08062424715372915,-15.13807006266677
104.2317429393305,0.01346174434299517,-0.08194446470069187,-15.35034837174805
105.681750921366,0.01365355355070784,-0.08321616362047182,-15.56754608351
107.1519305237607,0.01365459648342272,-0.08434036929290213,-15.78307569618829
108.6425623617067,0.01349386564620106,-0.08537813460435091,-16.00331032515344
110.1539309541416,0.01346312571210252,-0.0865288369138085,-16.22648383411121
111.6863247780562,0.01346667007987975,-0.08764723517195874,-16.45224533394661
113.2400363235558,0.01359098438912956,-0.08910609939772149,-16.68038638266882
114.8153621496884,0.01382082107284539,-0.09036387832061585,-16.91028601145251
116.4126029410492,0.01361703897422382,-0.09149671032744738,-17.14724080423408
118.0320635651731,0.01329181051340291,-0.09263088004441493,-17.38469914629486
119.6740531307244,0.0134327962526207,-0.09354161427017907,-17.62520929714083
121.3388850464979,0.01386770123026868,-0.0952021902415022,-17.87017166631179
123.0268770812382,0.01375538755909655,-0.09641904673318988,-18.11725596095636
124.7383514242945,0.01370940866258492,-0.09756785932245034,-18.36835842347666
126.4736347471152,0.01397238172719607,-0.09901087114982141,-18.62182332963353
128.2330582656023,0.01400727166564626,-0.1002808375969756,-18.87992817646351
130.0169578033291,0.01390233288447459,-0.1017589241316494,-19.14177004428038
131.8256738556409,0.01379016359006757,-0.1030539378101848,-19.40621956854355
133.6595516546443,0.01400664252403273,-0.1046405399415442,-19.6742812730538
135.5189412351038,0.01390368707594604,-0.1058831881429195,-19.94708396916451
137.4041975012516,0.01373968926144084,-0.107497097715296,-20.2233535729828
139.3156802945305,0.01378382171033925,-0.1087321218602475,-20.5034978602972
141.2537544622755,0.01378928961914831,-0.1098063532883864,-20.78610627624101
143.2187899273545,0.01395410587991324,-0.111391028621809,-21.07561996723439
145.2111617587744,0.01391070361002787,-0.1127622278174587,-21.36554498212068
147.2312502432721,0.01400214588317671,-0.1142307298704143,-21.661857710059
149.2794409578997,0.01389159403734846,-0.1158079084997811,-21.96052261127453
151.356124843621,0.01414100810022849,-0.1176037044450796,-22.26345173784597
153.4616982799296,0.01413729367517522,-0.119160938146794,-22.57163460132722
155.5965631605077,0.01397742963612948,-0.1205308650104121,-22.88550489065413
157.761126969935,0.01388725396025512,-0.1219431763168353,-23.20053758086189
159.9558028614671,0.01389446191591902,-0.1233822283569409,-23.52205361869764
162.1810097358932,0.0139450981029316,-0.1252487043497363,-23.84689559240326
164.4371723214932,0.01395548361726666,-0.1268120312924012,-24.17705155318341
166.7247212551064,0.01410802516765693,-0.1288146165504361,-24.5108359944005
169.0440931643265,0.01412602619803817,-0.1299312258683765,-24.85057469166998
171.3957307508427,0.01424799744401351,-0.1320081254904921,-25.19310549169964
173.7800828749376,0.01425519757543288,-0.1336368581067945,-25.54273573851493
176.1976046411631,0.01416742760473885,-0.1352466752195401,-25.89432684680001
178.6487574852052,0.01429880223391168,-0.1370239927912333,-26.25227661926662
181.1340092619604,0.01407436034833183,-0.1383299322241441,-26.6150131466426
183.6538343348347,0.01441826541487495,-0.1402053513896609,-26.98398666579524
186.2087136662869,0.01441928576991276,-0.1423025502395777,-27.35510792596249
188.7991349096295,0.01438975848315782,-0.1439255564522035,-27.73415368917931
191.4255925021088,0.01423598243716821,-0.14573907884661,-28.11842491835505
194.0885877592779,0.01442246663337832,-0.1474830347580948,-28.50849305622762
196.7886289706847,0.01437464995889653,-0.1492922425443215,-28.89992946938401
199.5262314968881,0.0143854591937117,-0.1510480741268528,-29.30089410807167
202.3019178678274,0.01432955944675263,-0.1530079569245175,-29.7046845315116
205.1162178825567,0.01459013291547904,-0.1550674629088939,-30.11688251863639
207.9696687103698,0.01454440301751938,-0.1569686154770706,-30.53430253852177
210.8628149933291,0.01439035117598643,-0.158736857968948,-30.95587751070192
213.7962089502235,0.01425337996316738,-0.1604899616228946,-31.38456294091007
216.7704104819696,0.0144578270103812,-0.162332911849907,-31.81833403438398
219.7859872784827,0.01449005537246021,-0.1642285635176545,-32.25828826361435
222.8435149270305,0.01452784508830822,-0.1661366493839699,-32.7065324769458
225.9435770220981,0.01454361403507243,-0.1680392737099895,-33.15925964966378
229.0867652767774,0.01486071491519743,-0.1702922806286844,-33.61899215813523
232.273679635711,0.0148144178962649,-0.1720907639297141,-34.08260371062285
235.5049283896011,0.01478815237509648,-0.17398743191385,-34.5564245068603
238.7811282913181,0.01500862220412321,-0.1762329441085045,-35.03493910458683
242.102904673618,0.01503708892922349,-0.1782261886678417,-35.52010692164623
245.4708915685034,0.01495994472029763,-0.1802584011074526,-36.01231813576174
248.8857318282393,0.01475040283071589,-0.1818316472112991,-36.51300336802062
252.3480772480578,0.01508531230240489,-0.184064528677973,-37.01769190575072
255.8585886905648,0.01508748428053377,-0.1861353486239225,-37.53199511095129
259.4179362118818,0.01513347216247216,-0.1885873642209649,-38.05181982384332
263.0267991895385,0.01547254459383861,-0.1902668104546523,-38.5790536665865
266.6858664521483,0.01535994936154867,-0.1924145893789042,-39.11441046722089
270.3958364108846,0.01539566456726142,-0.1942834756066784,-39.65933570670194
274.1574171927887,0.01543480751416276,-0.1962949972333676,-40.20932421281291
277.9713267759291,0.01517908757949744,-0.1981386710590513,-40.76806719842868
281.8382931264458,0.01542886479339404,-0.2005388951568857,-41.33429081384972
285.7590543374949,0.0154106677744192,-0.2025699325172735,-41.90906250077117
289.7343587701328,0.0156580887573617,-0.2045701265738926,-42.49121421713913
293.7649651961534,0.01577530869901338,-0.2066871431886927,-43.08179465263407
297.8516429429194,0.01591928735576265,-0.2087191934948925,-43.68283931558556
301.9951720402019,0.01580609715561063,-0.2106894638504017,-44.2886047399395
306.1963433690682,0.01597462525176827,-0.2126673944587916,-44.9059371572993
310.4559588128359,0.01622599311279348,-0.2149054328862537,-45.53170813732952
314.774831410132,0.01603641830065836,-0.2164628314604736,-46.16640051755049
319.1537855100765,0.01618237830015399,-0.2182273126228091,-46.80956648168373
323.5936569296288,0.01625535669159837,-0.2203322649933833,-47.46274061706913
328.0952931131191,0.016021811518843,-0.2219099818804754,-48.12356023199089
332.6595532940047,0.0165874725114517,-0.2239567176685986,-48.79632508378949
337.2873086588689,0.01637842196787334,-0.2256473354899166,-49.47688938120739
341.979442513709,0.01676819675066521,-0.2279487352105268,-50.16985195757239
346.7368504525317,0.01672874750126522,-0.2292954775361303,-50.86927958840779
351.5604405282983,0.01705336715533497,-0.2313523599458533,-51.58135871304384
356.4511334262443,0.01670296614867117,-0.2325658678418985,-52.3044159302767
361.4098626396135,0.0169051176076164,-0.2345740843828497,-53.03815741713406
366.4375746478333,0.01732505481148676,-0.2362066254551961,-53.78068269671151
371.5352290971728,0.01724491131670075,-0.2376457395280976,-54.53554903557921
376.7037989839089,0.01744055374406467,-0.2390743148540445,-55.302956530196
381.9442708400468,0.01750450535092937,-0.2403221354204165,-56.07899611759991
387.2576449216173,0.01779363326360995,-0.2417342481706026,-56.86742315200952
392.6449353996001,0.01790983562421172,-0.2434464609738028,-57.66771631979107
398.1071705534973,0.01746597151484964,-0.2439072901108692,-58.48097577852569
403.6453929676053,0.01811466955668007,-0.2459797183380809,-59.30542769939029
409.260659730011,0.01812142313377872,-0.2469701819927716,-60.14262756395874
414.9540426343632,0.01822221180041775,-0.2479660017808966,-60.99192693046093
420.7266283844442,0.01853796835980445,-0.2489936062341767,-61.85700185640514
426.5795188015931,0.01873336200930075,-0.2501829837461453,-62.73190030562208
432.5138310350089,0.01872069498045565,-0.2507523782587465,-63.6200879526517
438.530697774986,0.01912583654861933,-0.2518904552295458,-64.52131324110893
444.6312674691089,0.01903504816580216,-0.2521982161110124,-65.43841765588164
450.8167045414605,0.01919862809876025,-0.2528312129624487,-66.37247132474562
457.0881896148752,0.0195589570792983,-0.253329829545771,-67.31733956647882
463.4469197362884,0.01971609059185039,-0.2537368991043136,-68.27690695117732
469.8941086052156,0.01997894757152538,-0.2539995308969547,-69.25312098110504
476.4309868054161,0.02010012185444447,-0.2541977627529678,-70.24385185798954
483.0588020397728,0.02069302217288673,-0.2544908645422701,-71.25116425783781
489.7788193684466,0.02083693706928778,-0.2540154429820323,-72.27278821453436
496.5923214503363,0.02097580570604005,-0.2538352228292907,-73.31173505483935
503.5006087879053,0.02107086522298461,-0.2534280238432176,-74.37010660968545
510.5049999754065,0.02137749782804337,-0.2532512062936443,-75.44273541937888
517.6068319505681,0.02175784872908413,-0.2528100660467784,-76.53325673774415
524.8074602497728,0.0220918518033094,-0.2518312674127869,-77.64075573484436
532.1082592667947,0.0220792681976867,-0.2508580742902674,-78.76865335009757
539.5106225151279,0.02256155878885878,-0.2496171056550286,-79.91575532789301
547.0159628939721,0.02277053312210432,-0.2482710477526756,-81.07966267313549
554.625712957911,0.02284791686582062,-0.2468119675411221,-82.26384333724704
562.3413251903496,0.02324521374881117,-0.2455648896043438,-83.46814993167602
570.1642722807478,0.02361451519353249,-0.2437546148223544,-84.69340291302973
578.0960474057187,0.02407365585449812,-0.2419917899886091,-85.93920377285907
586.1381645140291,0.02479145470708777,-0.239952598028413,-87.20667585010564
594.2921586155733,0.02478418067236324,-0.2376981078404222,-88.49736326924307
602.5595860743581,0.02538385132109474,-0.235510760554095,-89.80906423042606
610.9420249055727,0.02555515048742597,-0.2326875383644648,-91.14455984665571
619.4410750767818,0.02586278405327988,-0.2295928386636686,-92.50506348792973
628.0583588133186,0.02600246673731012,-0.2262244202942574,-93.88794645364203
636.7955209079162,0.02659228395543207,-0.2230239518963604,-95.29780978311959
645.6542290346563,0.02717578066738913,-0.2195461428553943,-96.73284954663016
654.6361740672754,0.02761236821224303,-0.2157869044233447,-98.19321491368758
663.7430704019097,0.02788906997916454,-0.2116281653833987,-99.68356710177727
672.9766562843182,0.02861533301641437,-0.2075318387412162,-101.1995540398008
682.3386941416704,0.0289657240818294,-0.2030752355268774,-102.7458102933853
691.8309709189369,0.02946505996879744,-0.1989868413425037,-104.3196574313322
701.4552984199721,0.03005882078568377,-0.1939785074917693,-105.925563822067
711.2135136533295,0.03027480827749443,-0.1889057946012223,-107.5627437886813
721.1074791829004,0.03086635585244098,-0.1838531995917989,-109.2334373430587
731.1390834834181,0.03181083938072998,-0.1783765574301705,-110.9360828687503
741.3102413009185,0.03222731002576107,-0.1729937475817841,-112.6722108829891
751.622894018206,0.03296084765650033,-0.1671744794857168,-114.4454051734205
762.079010025413,0.03347838175322441,-0.161206494466832,-116.2533013764643
772.6805850957029,0.03437229662199383,-0.1553001954152942,-118.1001245160112
783.4296427662129,0.03504157606391637,-0.1490614948517006,-119.987552891629
794.3282347242821,0.03547718909256095,-0.1423615053217402,-121.9121979464549
805.3784411990678,0.03636366965682747,-0.1364045471448511,-123.8841713470429
816.582371358593,0.03746320282974921,-0.129797266843332,-125.8963865441049
827.9421637123353,0.03778769241834624,-0.1230582639163749,-127.9512680567454
839.4599865193982,0.03886590892498844,-0.1168766210583392,-130.0554876053748
851.1380382023776,0.03935078788016759,-0.1096959002358411,-132.2069213863936
862.978547766971,0.04047180553002963,-0.1033031178082235,-134.4085763039384
874.9837752274373,0.04132465978578043,-0.09668256038665798,-136.6608201970586
887.1560120379617,0.0421717433048845,-0.09031045194969295,-138.9689717470291
899.4975815300364,0.04280371867038607,-0.08403204654044442,-141.3300548324724
912.0108393559105,0.04405253751481535,-0.07832742687492691,-143.7536013089745
924.6981739382239,0.04483987223482391,-0.07288433283202585,-146.2306541561747
937.5620069258812,0.04564476068491637,-0.06755628458878238,-148.7760056506674
950.6047936562829,0.04686766315181023,-0.06314505973814165,-151.3858331952347
963.8290236239715,0.04770812461859002,-0.05918295509681903,-154.0644309002113
977.2372209558122,0.04871285623325582,-0.05577347721459679,-156.8192724817381
990.8319448927685,0.0494050314926423,-0.05339426925648438,-159.6445952343653
1004.615790278396,0.05026983542069102,-0.05266583656240886,-162.5495211443515
1018.591388054118,0.05080319932786081,-0.05297620450009891,-165.540884005053
1032.761405761398,0.0518212374401036,-0.05535520454968482,-168.6123089976014
1047.128548050901,0.0522730736532588,-0.05953359791880215,-171.7832159765689
1061.695557198726,0.05297259649195919,-0.06646464383579513,-175.0414032347242
1076.465213629835,0.0530865149985504,-0.07659304099704194,-178.4015331579371
1091.440336448757,0.05373519912344842,-0.09443860879003049,178.1232227196778
1106.623783977667,0.05372866367288087,-0.1203977579262992,174.5189594219176
1122.018454301964,0.05395064875693308,-0.1560613033132036,170.788365310234
1137.627285823432,0.05304325169790118,-0.2012183024306374,166.9339294778154
1153.453257821093,0.05251244113904956,-0.2560600379068218,162.9511798615702
1169.499391019872,0.05127953826737437,-0.3216788240883375,158.8669633256081
1185.768748167161,0.04954403343125334,-0.396875665347715,154.6497157846867
1202.264434617414,0.04750912173948921,-0.4841346216971492,150.3440020259949
1218.989598924867,0.04471592646570249,-0.5817275916513713,145.9178701526722
1235.947433444511,0.04104661054395688,-0.6929080832931649,141.4134211002491
1253.141174941417,0.03659209600005291,-0.8262197785832505,136.7987903784073
1270.574105208543,0.03121946839810737,-0.9829494439140297,132.116406154763
1288.249551693135,0.0251273750716734,-1.15917303650003,127.3867475194378
1306.170888131843,0.0185543979152182,-1.352156375298713,122.6454736635296
1324.341535194666,0.01181030852994028,-1.562033534099976,117.9059309040491
1342.764961137865,0.004625419056393285,-1.785957371072777,113.1799497077565
1361.444682465951,-0.00271988574525395,-2.026348709121078,108.4788630864932
1380.384264602886,-0.01038499319571156,-2.282778584389487,103.8084923115524
1399.587322572619,-0.01767559156985416,-2.556947613989621,99.16253766287758
1419.057521689093,-0.02517756828364316,-2.848296996338635,94.54489703646883
1438.798578255847,-0.03231729143408248,-3.161663865009876,89.95581465561271
1458.81426027535,-0.03933977366254318,-3.492045542269797,85.40299282820899
1479.108388168209,-0.04574972785215085,-3.835261412978387,80.89883286981444
1499.684835502375,-0.05292376541109031,-4.189190745842461,76.44247785220654
1520.547529732497,-0.05902421685706364,-4.556375413390309,72.02916156333379
1541.700452949561,-0.06525315837982096,-4.93303262702077,67.67526963082474
1563.147642640956,-0.07093128284116618,-5.325872055896963,63.37222077617763
1584.893192461115,-0.07591498738864083,-5.732043154437639,59.13037152826384
1606.941253012879,-0.08088369212539531,-6.153527423908565,54.97471548756828
1629.296032639724,-0.08537163139101107,-6.597386984314596,50.90955653633827
1651.961798229017,-0.08934903096958427,-7.066080876559223,47.0010182950881
1674.942876026437,-0.09247827194865584,-7.560994582489709,43.25915990373096
1698.243652461744,-0.09543941031531002,-8.066156333633556,39.64407962983158
1721.868574986007,-0.09769435932748606,-8.58488863563471,36.12045375954216
1745.822152920504,-0.09952611376456313,-9.114318736763346,32.67930355307506
1770.108958317421,-0.1005570274744865,-9.646834956668387,29.32660940046213
1794.733626832527,-0.1019807722585472,-10.18807325370146,26.06363872939156
1819.700858609984,-0.1024396224019471,-10.73497690216908,22.87716965777733
1845.015419179474,-0.1037473027647502,-11.28973077549563,19.76905463908057
1870.6821403658,-0.1037349808459845,-11.84775001561543,16.73739352706606
1896.705921211146,-0.1043810912793089,-12.41551089172972,13.77242540000186
1923.091728910159,-0.1041348230970214,-12.98744678314076,10.87321707286632
1949.844599758045,-0.1037284885422267,-13.56414757786863,8.04859120995382
1976.969640111861,-0.1041426669427883,-14.14289889805763,5.272865142137292
2004.472027365161,-0.1033889094313493,-14.72431749206029,2.5691154118567
2032.357010936222,-0.102731514022136,-15.31120869650148,-0.08382548801219514
2060.629913270001,-0.1027009162464809,-15.90145027045787,-2.686046441385898
2089.29613085404,-0.101614479440383,-16.49674367103407,-5.232075733317552
2118.361135248502,-0.1008465580066054,-17.09520488191291,-7.743654740781224
2147.830474130534,-0.1007747384714981,-17.69602461858443,-10.20010963064097
2177.709772353159,-0.09984578552172524,-18.29666529681841,-12.58928547811792
2208.0047330189,-0.09880251464284903,-18.90068840910303,-14.97697672491782
2238.72113856834,-0.09737958011224077,-19.51593954844825,-17.30276128925442
2269.864851883822,-0.09679552296658736,-20.12572956300946,-19.56912112193722
2301.441817408509,-0.0961535402370409,-20.74279341702862,-21.80781126883928
2333.458062281004,-0.09543310387211329,-21.36198479694637,-24.00835915587197
2365.919697485759,-0.09447950196411371,-21.98173147883208,-26.18879952916019
2398.832919019491,-0.09341997357446778,-22.60345848428037,-28.32943189175609
2432.204009073816,-0.09197038018141332,-23.23040548336216,-30.44343505895533
2466.03933723434,-0.09139938224748087,-23.85954881446745,-32.51547265479973
2500.345361696432,-0.09093846859845338,-24.49845831966297,-34.54185459520443
2535.128630497908,-0.08925410419233752,-25.12638700133413,-36.52663614341358
2570.395782768865,-0.08962252616081913,-25.76346776057268,-38.4969364527735
2606.153549998896,-0.08860369120213109,-26.40424315472408,-40.43335819680681
2642.408757321948,-0.08763486717639776,-27.04691665382013,-42.39005162025902
2679.168324819033,-0.0867916444964279,-27.69233370040904,-44.30860543862732
2716.439268839084,-0.08589521045757281,-28.33087716821926,-46.18738021610223
2754.228703338168,-0.08521076281264138,-28.98605672281313,-48.0014260052892
2792.543841237339,-0.08446781259181096,-29.62568808430466,-49.80302957354259
2831.39199579938,-0.08356411972028666,-30.28498304875121,-51.57897692737173
2870.780582024692,-0.08243235332939429,-30.94383145042082,-53.36453220511848
2910.717118066607,-0.08163093140600575,-31.6004661929525,-55.18190755147332
2951.209226666387,-0.0803958352292185,-32.26798988535464,-56.81549144692409
2992.26463660819,-0.08001911507901593,-32.92889221922096,-58.60429525262371
3033.891184194272,-0.07917621677811666,-33.58887896645611,-60.21338097782507
3076.09681474071,-0.07859848886925881,-34.2585955432112,-61.79639839467536
3118.889584093939,-0.07811375643969293,-34.93812611776717,-63.44830724677487
3162.277660168381,-0.07666936644283245,-35.60533599200668,-65.09407004034335
3206.269324505467,-0.07688635559524105,-36.27050834447984,-66.60497609356437
3250.872973854346,-0.07597462738836458,-36.95022379475855,-68.42819590861636
3296.097121774579,-0.0749137100301186,-37.58625313667259,-69.70090333453552
3341.950400261144,-0.07438466449746495,-38.26875119489741,-71.23988793342026
3388.441561392028,-0.07388763375597431,-38.93134057761425,-72.64392134505846
3435.579478998748,-0.07345898822938973,-39.64416987351406,-74.27557983204076
3483.37315036012,-0.0726523766303927,-40.2863341561261,-75.64691211300214
3531.831697919572,-0.07182268876490756,-40.93527043083964,-77.31901331168355
3580.964371026362,-0.07115242254135953,-41.63424306592083,-78.50698060377374
3630.780547701016,-0.07151689562395616,-42.32361088475485,-79.98853002721228
3681.289736425317,-0.07089993971725479,-42.98132606669136,-81.21864277066152
3732.501577957208,-0.07017050919957411,-43.68258761570094,-83.0173672210193
3784.425847170936,-0.06898791457017109,-44.39660794421453,-84.28360719593877
3837.07245492279,-0.06914425432560432,-45.06134379804608,-85.60022491465671
3890.451449942809,-0.06791986829347804,-45.8019070706095,-86.88227624646069
3944.573020752787,-0.06761161711646578,-46.4107142654587,-87.94607595482987
3999.447497610978,-0.06779341424288877,-47.14141845507336,-89.21311633932244
4055.085354483841,-0.06634527243121456,-47.83474573030289,-91.55155969485031
4111.497211045225,-0.06575318172738011,-48.47716913739777,-92.62229138147883
4168.693834703357,-0.06581338481733556,-49.13990930734108,-93.92032026089959
4226.686142656034,-0.06476033985601458,-50.04673991540141,-94.91902872561661
4285.485203974398,-0.06418968008246395,-50.52820901116908,-95.67970333549255
4345.102241715719,-0.06390486988229173,-51.20242250476649,-98.11747862899379
4405.548635065536,-0.06351876501919497,-51.93610997828608,-98.28501585890388
4466.835921509635,-0.06261497404110404,-52.60354603179081,-99.81624950508674
4528.975799036211,-0.06360043533464864,-53.29016539564468,-101.1800657493399
4591.980128368689,-0.06172904438741467,-54.04803360079177,-103.2626060487921
4655.860935229593,-0.06163021971852788,-54.67882414370912,-103.9946245722971
4720.630412635909,-0.06062819580893469,-55.4970307844658,-104.9927635925527
4786.300923226388,-0.06020964094588356,-56.07910246050892,-105.8267689628108
4852.885001621215,-0.05983829982971742,-56.66426860560605,-107.5904587887045
4920.395356814509,-0.05945260306899135,-57.19479700137866,-107.5917629626965
4988.844874600121,-0.0610299358957201,-58.0413658315176,-111.0596149858781
5058.24662003114,-0.05805035966186346,-58.83584777197341,-111.2367890969267
5128.613839913648,-0.06185034567711042,-59.18051194200131,-111.8586021853365
5199.95996533516,-0.05707778163621376,-60.38071163896,-113.2685525539818
5272.298614228227,-0.0625033402151977,-61.15676593706316,-114.6625342278996
5345.643593969717,-0.05619909879584137,-61.56228803652026,-115.7593120132635
5420.008904016238,-0.06388102646250743,-62.39229168306036,-116.2770325676578
5495.408738576246,-0.0554214592082812,-62.85478230417545,-115.5732084765481
5571.857489319298,-0.06269454519799644,-64.0516515370486,-120.5804513248957
5649.369748123026,-0.05435158070562978,-64.40694862790421,-120.255700609573
5727.960309858293,-0.06109679297018112,-65.02588515688947,-121.4383027835888
5807.644175213121,-0.05354240605508723,-65.19986220248653,-122.8923739023641
5888.43655355589,-0.05833401405780664,-66.82497422941894,-126.645278932673
5970.352865838369,-0.05310723804972577,-66.93622715395145,-127.9873266408175
6053.408747539136,-0.05488007768656936,-67.68919293607455,-127.7875160285556
6137.620051647943,-0.05211110806888575,-68.18426790667141,-124.5561507403797
6223.002851691595,-0.05255773378365532,-69.10053296256309,-126.8432920074825
6309.573444801933,-0.05103428681823294,-69.73754486316827,-127.7564127168195
6397.348354826482,-0.05010170361624275,-72.35517080263037,-135.5581319824244
6486.344335482384,-0.0620453497413075,-72.31960924934071,-131.581866744365
6576.578373554205,-0.04988681613926253,-72.30829532944679,-136.1036300942478
6668.067692136222,-0.05383584306674799,-71.8048558749755,-135.1942076821306
6760.829753919818,-0.0486402549194602,-72.6608982592967,-134.751578628969
6854.882264526617,-0.0485382259864381,-75.27923524535881,-140.0199427942385
6950.24317588797,-0.06236049359817718,-73.71397948774974,-137.3595155997271
7046.930689671472,-0.04737504637764862,-74.88906635119115,-142.9360014562909
7144.963260755134,-0.05103582815485634,-75.88786960390172,-157.9163192372478
7244.359600749903,-0.04704975742253482,-74.68918439004717,-145.0611382613707
7345.13868157115,-0.0454763611047117,-76.19145103620443,-153.1429517334356
7447.319739059892,-0.05766470235692259,-74.4187348012092,-147.9934188451128
7550.922276654342,-0.04503316337217945,-77.55132881683024,-156.5385762699029
7655.966069112565,-0.04542951375588786,-78.34130840866624,-124.7542930320105
7762.471166286919,-0.05596663261581054,-79.12011231295126,-151.1941428607576
7870.457896950988,-0.0439351628674499,-77.85027584355484,-140.8968564666954
7979.946872679769,-0.04561661034654639,-79.16058353038918,-152.9585463637585
8090.958991783826,-0.05027899643355312,-78.49659403814188,-156.7346298094783
8203.515443298185,-0.04304403998651826,-81.79242248862298,-166.1125362993841
8317.637711026713,-0.0444427768856336,-82.60433216169812,-172.5179480421402
8433.347577642757,-0.04855954372118488,-78.64682675120905,-161.8640067940262
8550.667128846837,-0.04150991696777275,-82.57674498200367,-174.3168068506544
8669.61875758217,-0.04292796766237856,-79.32433737208046,-167.7705315619815
8790.225168308845,-0.04919289631789169,-83.5254801414693,-136.4269690444527
8912.509381337459,-0.04178636526181458,-80.27991165801018,-166.724502972959
9036.494737223018,-0.04018632153581805,-85.57923974408342,-167.7007156556137
9162.204901220002,-0.05388246401079857,-84.09198452075407,174.1579658903318
9289.663867799369,-0.0388857656805618,-82.64636495433979,-175.3254631804567
9418.895965228417,-0.03865664389742505,-84.47175514314756,-165.0695067603149
9549.925860214364,-0.04644744488895822,-87.59799314369178,-175.8809836213566
9682.778562612495,-0.04043039684747136,-82.03511580478988,-170.4282862126957
9817.47943019985,-0.0381373812505715,-79.66217845471621,-172.7416460294151
9954.054173515275,-0.03811633939210296,-82.62993590549073,176.8300330135764
10092.52886076685,-0.04841383117040438,-82.99781647386924,-175.778338343214
10232.92992280755,-0.03651862947677614,-81.67942769963892,-166.9062151300452
10375.28415818013,-0.03642890325978038,-84.77533145928645,170.7810831692782
10519.61873823224,-0.03928410867613418,-86.42464034827449,129.4489337589495
10665.96121230258,-0.04065117116576135,-83.43921769282895,162.0538517777625
10814.33951297939,-0.03579018236004226,-82.8948760436337,148.6754234248311
10964.78196143186,-0.03501140558076998,-80.79578815998357,98.41528083132035
11117.31727281592,-0.03957613036552825,-94.31642281786466,169.384912216286
11271.97456175511,-0.03824599193887901,-88.30997847053389,153.4301415261465
11428.78334789772,-0.03415234688254051,-90.0396860349247,-172.3939654417391
11587.77356155126,-0.03384440119269573,-92.3240321632224,-152.3221022912981
11748.97554939529,-0.03558607097882091,-84.05947690305354,-146.2575114295013
11912.42008027375,-0.03836923965657026,-82.9778908664892,-177.6647018400499
12078.1383510678,-0.03257779741331567,-95.41572982424208,125.3799052858312
12246.16199265049,-0.03210299750866895,-83.67954691234161,145.3049928627294
12416.52307592411,-0.03190912484902299,-79.80817641219032,160.7901537287503
12589.25411794167,-0.04722597467121482,-85.65554511056631,160.5060663487352
12764.38808811344,-0.03171534354231634,-87.02915737034689,158.4518532890557
12941.95841449986,-0.03152092115343436,-80.51376015293782,174.3009729535493
13121.99899019203,-0.03094822629022872,-82.65929178425256,134.2423795967916
13304.54417978091,-0.03250733562647058,-77.56726517223939,148.783162100024
13489.62882591654,-0.03614654479751949,-83.75286992701911,146.7085978267404
13677.28825595849,-0.02980853417092152,-85.07219480276569,110.9170190385156
13867.55828871888,-0.0299534772555884,-84.48191156263115,172.1188294719139
14060.47524129914,-0.02908424951960695,-89.25161658061654,-127.9842076179014
14256.07593602188,-0.03118721422598304,-77.24959741236756,-155.4305616076025
14454.39770745928,-0.03569802261522179,-85.83517260208691,-178.0151459297703
14655.47840955912,-0.02790658920737699,-81.22391313956456,-138.72121067508
14859.35642287007,-0.02871743186676451,-83.62655915736451,147.3911751886675
15066.07066186742,-0.02793401768529345,-87.59285269080388,86.90523040112315
15275.66058238073,-0.02721335276731629,-87.01660654851814,-174.1659762603243
15488.16618912482,-0.04279071328170566,-78.30401570727314,-176.687389386499
15703.62804333553,-0.02706575815918478,-83.39444426702551,125.8418514041925
15922.0872705117,-0.02668574993131518,-83.68543639264132,-163.2503026435167
16143.58556826487,-0.02546114378588366,-82.80703060019695,139.9984491897284
16368.16521427809,-0.02592449874693423,-85.7574779193108,153.2243992645251
16595.86907437561,-0.02655382599190759,-85.02884852159043,124.8572516799548
16826.74061070468,-0.03558899670674387,-86.49888209287425,135.743612472187
17060.82389003124,-0.02460828938933629,-83.77473051436448,158.6953134898891
17298.16359215102,-0.02505358061854598,-82.77734537082247,178.5203007133795
17538.80501841762,-0.02376653132472769,-82.31968307349081,104.3951078553833
17782.79410038923,-0.02466607852932302,-86.82233213342974,163.66466142141
18030.17740859569,-0.02371125974381239,-83.51142649687959,-112.2060125415766
18281.00216142743,-0.0360400734836033,-77.42491399108627,160.3852269790359
18535.31623414812,-0.02504606657729898,-81.45170728304286,169.6402914581577
18793.16816803269,-0.02304852177579916,-81.26231794782757,152.6506611036773
19054.60717963248,-0.02337808334617653,-83.37826354629476,163.7881489250502
19319.68317016925,-0.02817279356834274,-80.90159316845394,178.0459094269102
19588.4467350599,-0.02225680650791226,-78.30341756753788,-171.5734495291569
19860.94917357372,-0.02177304712779211,-82.43348640632775,145.7893073790436
20137.24249862389,-0.03818269642387705,-82.47154205638975,156.936768906167
20417.3794466953,-0.02156600511152608,-83.07744677042763,-170.4852899500025
20701.41348791043,-0.02156991533715343,-78.54167514670334,169.0450846778471
20989.39883623525,-0.02046632869838292,-78.74622265904544,144.9329814588398
21281.39045982713,-0.02841155791533554,-78.29887649523452,-179.4704019640323
21577.44409152668,-0.02161693633865027,-81.49836407763927,150.8064110878935
21877.61623949554,-0.02049984051162431,-79.86016707435596,165.8336457066035
22181.9641980022,-0.02225389095479072,-91.80307531461403,86.4870662386038
22490.54605835782,-0.02567088787290413,-80.35292034703319,176.9563285993421
22803.42072000419,-0.01869496223225931,-98.22222806160403,-173.4374401621735
23120.64790175596,-0.01872763504596228,-80.27126899829169,-171.1057159602253
23442.28815319924,-0.01990932976118495,-76.68966644231128,160.2263962810345
23768.40286624878,-0.03144914462289083,-76.45061628757412,-164.9299255249811
24099.05428686596,-0.01859940380030803,-80.90842095004243,-170.2168497274438
24434.30552693973,-0.01873955731168983,-76.99137062063572,-161.9134027785584
24774.22057633287,-0.01717370930363414,-84.29563238495093,164.169404510447
25118.86431509582,-0.0270943128397187,-90.64599983087982,-107.0537126179096
25468.30252585042,-0.01736006578998383,-73.24480729194451,136.0423775808263
25822.60190634598,-0.01578988115968034,-74.68249393534117,179.6768577528414
26181.83008218987,-0.0161967201435091,-80.22043002878115,169.7854135293211
26546.05561975541,-0.02080215214663639,-93.68127314236141,166.4893000350862
26915.34803926917,-0.01938591615872202,-75.50364341275018,170.513436238396
27289.77782808042,-0.01554059504252617,-76.48599001458824,166.105437665683
27669.41645411511,-0.01544340175139015,-83.24496113377067,-50.5431755628689
28054.33637951713,-0.0149816650678296,-78.1643521841208,-162.6531307361134
28444.61107447915,-0.01655619617367925,-77.26024569652694,-171.0343532488317
28840.31503126605,-0.02546091789768856,-77.09495061706241,-164.7975903328604
29241.52377843335,-0.01368718332390814,-79.07014034797727,-158.9269041655856
29648.31389524342,-0.01419682516392734,-77.02800926697586,-159.4396290234838
30060.7630262823,-0.01312782999697397,-72.73194677910898,-152.0314912718281
30478.94989627983,-0.02655734976993019,-70.66125317499045,155.4435490993875
30902.95432513591,-0.01266612406127523,-69.40513557723683,-156.824438605949
31332.85724315585,-0.01229452523484857,-73.02278233785003,73.69154293880977
31768.7407064977,-0.01184224391910988,-70.13996099972834,170.6259531352401
32210.68791283434,-0.02347750451052327,-70.69707362992095,136.5565797264054
32658.78321723358,-0.01174966579203015,-67.15333962412976,-155.3274030004297
33113.1121482591,-0.01239260533279372,-69.12510351767132,80.59878600741888
33573.76142429546,-0.02669473248711994,-72.32548614760117,-176.9460781450412
34040.81897010008,-0.01059353550433576,-65.65003251624232,-161.6394222302446
34514.37393358562,-0.009622379021300358,-77.86797883885343,98.71608533878037
34994.51670283572,-0.009660491799189113,-79.12538245771694,-92.780329745769
35481.33892335754,-0.01713163839522955,-68.14133683085018,-151.4240806262282
35974.93351557423,-0.01009457035317679,-64.43194263733001,-168.3091852153092
36475.39469256078,-0.008258947583692309,-63.27505165557135,-178.1821694027165
36982.81797802662,-0.008749538107504623,-67.72691900959217,-176.2647321440772
37497.30022454835,-0.01524771038195453,-69.64589648483623,84.83099865606938
38018.93963205612,-0.009336793147823041,-65.4361437557675,156.1829204579784
38547.83576657718,-0.008836819164041401,-63.70089570877199,74.97237731988965
39084.08957924021,-0.007425765436609267,-61.59816500681978,-146.6087521159093
39627.80342554395,-0.006919151506316313,-70.63515682983936,100.7587155144068
40179.08108489399,-0.01668989634673638,-66.99687625141644,155.3208049109496
40738.02778041128,-0.007209806862820224,-73.2648425877336,148.9143447496406
41304.75019901614,-0.005336434907857856,-68.45744974759508,104.7736447870648
41879.35651179184,-0.005618331816070825,-64.27724103611634,-176.057699608194
42461.95639463129,-0.007671021678322276,-65.86677781605079,86.2189629861893
43052.66104917107,-0.005382325037468667,-67.51982089756127,-179.0730271542961
43651.58322401661,-0.004176963391174793,-61.75340306024157,155.8852111577738
44258.83723626267,-0.003577712794072724,-68.74163704559732,-164.4228486203061
44874.53899331322,-0.006453666602769056,-62.96117834255533,-153.2326499188958
45498.80601500487,-0.005449658072990519,-58.0768133015819,179.2196304744135
46131.75745603795,-0.002525923855066567,-59.09537063074286,138.9996366386222
46773.51412871983,-0.001639580375542165,-63.20230042250063,-165.6148839579275
47424.19852602448,-0.007944475734010258,-66.55696554621078,175.2036803941676
48083.93484497286,-0.0007491191519325861,-65.06275329028591,140.9787427424724
48752.84901033864,-0.0001862894795430888,-64.10715286115462,-155.4461906920886
49431.06869868356,-6.547661714813642e-05,-51.13050833365548,-71.07455567779112
50118.72336272724,-0.00530606544182196,-50.82712784652708,168.7953061154697
50815.94425605606,0.0008429750574895318,-53.51662842545758,119.6540176705387
51522.86445817567,0.00351428913129353,-47.21813737371527,-130.8243188949997
52239.618899912,0.001847349455542836,-52.25271129473536,-140.0489317631365
52966.3443891658,0.001207516311300525,-54.34152380650148,-161.2240597251872
53703.17963702529,-0.002571026618544302,-40.407070609062,176.1551127096831
54450.26528424214,0.005026453310637649,-45.96776176726748,-172.3122091277477
55207.74392807576,0.004490768925123598,-41.71637024363368,162.2822669487447
55975.76014951104,0.006097871555335845,-35.8138038837876,56.79935896040801
56754.46054085474,0.002561037597126673,-40.85563717400873,36.53806967588926
57543.99373371572,0.006248880748657112,-45.62316393602963,49.20585244670545
58344.51042737449,0.006574282907946406,-45.88561987670037,0.1723750489968481
59156.16341754742,0.003152134427652528,-44.77489915352,34.68093106564062
59979.10762555096,0.005734820093902708,-47.82729797968347,57.91103479684197
60813.50012787181,0.008238494726709903,-48.894427900229,165.3825352942928
61659.50018614825,0.009473319050866017,-62.83518712776903,-91.01408867252321
62517.26927756861,-0.005565437680379225,-53.19102907200866,69.62174524882698
63386.97112569273,0.01131603850275857,-53.00344168540575,-45.93314650542061
64268.77173170199,0.01198800497820549,-50.98164738715947,29.65381028423816
65162.83940608425,0.01286724726662233,-51.47221053718675,54.82190286727632
66069.34480075957,0.01483465252074277,-56.05376943899691,52.02342866125214
66988.46094165262,0.001211128315058979,-61.53121505476438,-15.09221597343412
67920.36326171843,0.01192965582990269,-58.5714266777767,17.19184720090053
68865.2296344276,0.01502840552303346,-60.83836046552669,40.55131008047447
69823.24040771712,0.01498504992526345,-58.92711869080428,89.84999916174893
70794.57843841377,0.009087203519800786,-60.26940043101785,22.86482912532159
71779.42912713616,0.01277834861428655,-73.48855206723984,158.7928574331581
72777.98045368239,0.01251630210355615,-60.55977298312943,-2.240965651191345
73790.42301291008,0.01568288713484679,-63.00153463398738,-5.911460616532182
74816.95005111542,0.0141806178443056,-63.8240100688985,77.24597796504531
75857.75750291836,0.01436204573340098,-68.98345220840748,36.63747968317567
76913.04402866095,0.01593065480256515,-60.21994635874358,40.35977481143229
77983.01105232586,0.01808058099668387,-64.80321142742424,67.05883606915282
79067.8627999825,0.01005288301489996,-60.63323493906423,26.14937866295111
80167.8063387679,0.02032350685209619,-66.50927335325163,-0.8349585138871447
81283.05161640991,0.02027424539825934,-68.23518482431641,9.654100999258802
82413.81150130021,0.02199322931979973,-61.93848651650158,55.42786410372175
83560.3018231248,0.00867607248623401,-63.88381413123759,22.21021832091768
84722.74141405964,0.02392849656258937,-64.82194120135706,36.11616591572844
85901.35215053956,0.02327019022982222,-64.29171451781815,50.59466055729777
87096.35899560805,0.01472836893833588,-64.65642828268409,20.13952585191839
88307.99004185626,0.02048958755349756,-64.19077308339099,25.49637202716263
89536.47655495937,0.02503780776818358,-65.18630881809388,72.32473483347252
90782.05301781856,0.01993971798433514,-64.08161214656694,34.59431060943825
92044.95717531712,0.02134701145210555,-71.43687674202938,34.23844681461983
93325.4300796991,0.02406811990888977,-63.55148037304821,60.76481299300996
94623.7161365793,0.02602519906823139,-62.88704834174791,26.46075128026493
95940.06315159332,0.01716952445187741,-65.90325057218911,58.14260350419228
97274.72237769651,0.02681272936493585,-69.36446684832362,33.45439461682764
98627.94856312106,0.02752527451332698,-64.99348717958654,47.74675666698803
100000,0.02178760629540766,-67.94413186253369,47.44864144159172
