#Frequency (Hz),Channel 1 Magnitude (dB),Channel 1 Phase (deg),Channel 2 Magnitude (dB)
10,-0.01047296165381971,-0.3049432974494266,0.01280326193687048
10.08553567677516,-0.01007655712102338,-0.307646281867477,0.01262704725530022
10.17180298875046,-0.01035861480623611,-0.3092974739328724,0.01271316455144
10.2588081940171,-0.01070230993002893,-0.3131727463089362,0.01299605189043732
10.34655760419528,-0.01045263472404127,-0.3165627357017584,0.01287213108556848
10.43505758489207,-0.01007329106881389,-0.3186208828105634,0.01250750496202779
10.52431455616322,-0.01008827582628097,-0.3202291067431098,0.01278758761078772
10.61433499297883,-0.009826469216540904,-0.3226659404041925,0.0125755623273878
10.7051254256931,-0.0101720129043146,-0.3255993442496541,0.01260626442190929
10.79669244051807,-0.01039309139061884,-0.3294777200022452,0.0127463355910836
10.88904268000136,-0.01025770290467844,-0.3323498703837782,0.01252817116712883
10.98218284350811,-0.0102171119588567,-0.3349413399826631,0.01280375820878956
11.07611968770691,-0.009931299805973733,-0.3378514742650829,0.01261420817436603
11.17086002705997,-0.009891116549684446,-0.3396760457846142,0.0126125846096939
11.26641073431748,-0.009923271983597437,-0.341731449479667,0.01276702317854901
11.36277874101617,-0.01017379838155444,-0.345658571185453,0.01279582351631049
11.45997103798209,-0.01034765744234208,-0.3493125396936989,0.01270756824212377
11.55799467583784,-0.01027035442129133,-0.3530490269846496,0.01258488622246958
11.65685676551398,-0.01050915357892989,-0.3545880986440864,0.01290889887637814
11.75656447876491,-0.01010032321868837,-0.3591549115079715,0.01274250136110196
11.85712504868912,-0.01041401328455418,-0.3611249589997954,0.01278653939342745
11.95854577025384,-0.01058463506910035,-0.3644243176750797,0.01284975288878183
12.06083400082438,-0.01048727454684747,-0.3665784154306664,0.0127756946501965
12.16399716069771,-0.01029893737490538,-0.371669764927077,0.01271300584150844
12.26804273364085,-0.01025762732046202,-0.3739079455927978,0.01285734736507191
12.3729782674337,-0.01040909464773149,-0.3769226762325104,0.0127967062908769
12.47881137441664,-0.01044314988530116,-0.3813475225931526,0.01273773250965518
12.58554973204266,-0.01052925911246879,-0.3835577811829296,0.01286193723569508
12.69320108343443,-0.01047390852677403,-0.3849523400792521,0.01277170596294989
12.8017732379459,-0.01047388078083437,-0.3915258830005826,0.01282584275592685
12.91127407172888,-0.01031531063692944,-0.3932226109679178,0.01275767893575529
13.02171152830437,-0.0103766904500783,-0.3962260428965578,0.01254049529238468
13.13309361913882,-0.010349108873141,-0.4000032133830445,0.01264804339511276
13.24542842422527,-0.01062021318816197,-0.4050523412265079,0.01271964668864293
13.35872409266958,-0.01001342309912994,-0.4071500114276034,0.01249691218800351
13.47298884328148,-0.01018689584298284,-0.4108151366435777,0.01245027456759193
13.5882309651709,-0.01038265319406333,-0.4136434513665819,0.01250227942972329
13.70445881834921,-0.009949717140745402,-0.4162442747602739,0.01248920397473668
13.8216808343357,-0.01002168021942601,-0.4206364988694204,0.01234257760915434
13.93990551676921,-0.010417000825075,-0.4237770507738219,0.01264069648784791
14.05914144202507,-0.01037590616093964,-0.4273060711138363,0.01262530734065643
14.1793972598372,-0.01054108911749167,-0.4318352466762292,0.01244795563178728
14.3006816939256,-0.01026916095739387,-0.4359128440195121,0.01250034091316736
14.42300354262921,-0.01032286080782954,-0.4391092146009044,0.01264627342839726
14.54637167954414,-0.0101076508187942,-0.443473460437346,0.01247891298065991
14.67079505416742,-0.01021808556160555,-0.4457261789117197,0.01235479082886124
14.7962826925462,-0.01032203501608279,-0.4515975669148702,0.01241661395910923
14.92284369793255,-0.01010306812862974,-0.4547451894629546,0.01230789645478252
15.0504872514438,-0.01027569396322631,-0.4571395123397082,0.01253430225792415
15.17922261272863,-0.01039208192913419,-0.4621191809967087,0.01255595613509411
15.30905912063868,-0.01007893379590774,-0.4652740006924745,0.01229422516341101
15.44000619390615,-0.01022034784662202,-0.4708300472686346,0.01257076427720935
15.57207333182699,-0.01030125711386668,-0.4747001291376236,0.0126511864761988
15.70527011495001,-0.01012230246787267,-0.4775491509352889,0.01259006313308476
15.8396062057719,-0.009994000650696513,-0.4815411508657093,0.01256630471413915
15.97509134943818,-0.01038804177418406,-0.4867477303216603,0.0126904587974915
16.1117353744501,-0.01015731678079301,-0.4903677179530597,0.01262228123000491
16.24954819337768,-0.01032445402942206,-0.4941743320497665,0.01283754710026184
16.38853980357879,-0.01062348055302567,-0.4982411571213419,0.01271455328505834
16.52872028792434,-0.01059688346745269,-0.5025272158818819,0.01245241980030649
16.67009981552986,-0.01038177406688444,-0.5076563518460375,0.01238806152023039
16.81268864249292,-0.01050573906960015,-0.5121682517337334,0.0123545641947643
16.9564971126375,-0.01056900297739415,-0.5166081054260445,0.01234223818908932
17.10153565826403,-0.01062914593471965,-0.5204155842193927,0.01238317997279645
17.24781480090645,-0.01074955775990193,-0.523723339068507,0.01247229538561291
17.39534515209525,-0.01059353611882132,-0.528952134121937,0.01245645995561163
17.54413741412747,-0.01048803602965192,-0.534015138948547,0.0123428088036098
17.69420238084283,-0.01048901738281295,-0.5376688669675573,0.01249170203406906
17.84555093840705,-0.01030913457712073,-0.542497897167431,0.01251025750326859
17.99819406610125,-0.01074584674784495,-0.5472773694246982,0.0126428789216864
18.15214283711872,-0.01076416684927316,-0.5515789618015816,0.0127615746235622
18.30740841936795,-0.01049238232684803,-0.555827868521078,0.01247079330784663
18.46400207628293,-0.0105632354272112,-0.5616123496755527,0.01244838867097771
18.62193516764021,-0.0101955469787582,-0.5681104394030001,0.01228698786429926
18.78121915038293,-0.0105819967735893,-0.5706613186411573,0.01237417049894996
18.94186557945199,-0.01055770500623486,-0.5758298029138587,0.01223524414830118
19.10388610862423,-0.01058771066527492,-0.582275570044132,0.0123591287156123
19.26729249135792,-0.0104132708405843,-0.5862649835489151,0.01235339082053655
19.43209658164524,-0.01060107405069428,-0.5918933542593408,0.01247340382451228
19.59831033487237,-0.01083500279663346,-0.5961862653392416,0.0126429896860044
19.76594580868665,-0.010639328160938,-0.6003271283672973,0.01226349776908364
19.93501516387136,-0.01045516388257599,-0.6071619576018179,0.01234294540907385
20.10553066522784,-0.01074848548530352,-0.6111612544736502,0.01247062784343999
20.27750468246525,-0.01067640862064197,-0.6160040178299653,0.01243494518616826
20.45094969109785,-0.01089135666142226,-0.6207780145920481,0.01241574839850985
20.62587827335013,-0.01052249245340194,-0.624918238944403,0.01234480137903765
20.80230311906943,-0.01074739044689957,-0.6341986112146785,0.01233466524769796
20.98023702664658,-0.01054976441724875,-0.6381805509165588,0.01234472692422128
21.15969290394435,-0.01074570029097939,-0.6424818648966024,0.01248426183893264
21.34068376923369,-0.01075112449747358,-0.6489116943248092,0.01237575422861258
21.52322275213828,-0.01069477239906646,-0.6540268862665641,0.01226730520833947
21.70732309458694,-0.01087989939389485,-0.6614232855770013,0.01255504189790901
21.8929981517742,-0.01115750830897631,-0.6654757246570711,0.01248634949656759
22.08026139312912,-0.01087389578838676,-0.6718527682102717,0.01229618125039021
22.26912640329251,-0.01095957697767328,-0.676195797978913,0.01239157368439712
22.45960688310223,-0.01092381426319746,-0.6833752257712717,0.01236662718478435
22.65171665058724,-0.01040060891190197,-0.689920913293804,0.0121387089315449
22.84546964196994,-0.0106936187911539,-0.693609970524264,0.01217859297085243
23.04087991267716,-0.01072310154048776,-0.6996798836071463,0.01219215888328387
23.23796163835976,-0.01076175400619102,-0.7073242806897895,0.01217669281725044
23.436729115921,-0.0108488718323405,-0.7113091783739769,0.0124072618891337
23.63719676455364,-0.0111276053947004,-0.7187903215563551,0.01226421275489273
23.839379126786,-0.01035606323468038,-0.723728062919438,0.01203770510151995
24.04329086953692,-0.01055400855581307,-0.7297846527777949,0.01185803706913077
24.2489467851797,-0.01079027728879409,-0.7361699909890831,0.01222810666961332
24.45636179261521,-0.01080962812421956,-0.7421987744048124,0.01236413059433931
24.66555093835418,-0.01116938653787738,-0.7490023851112113,0.01247293700445732
24.8765293976086,-0.01068718259440795,-0.7553868441689247,0.01198083322967489
25.08931247539276,-0.01089178223503099,-0.7611259975882376,0.01212944415538076
25.30391560763337,-0.01064181572373354,-0.7696344737700542,0.01202850839186095
25.5203543622894,-0.01107107465556694,-0.7750545798332951,0.01237012274474977
25.73864444048145,-0.01113753707329288,-0.7813732167951741,0.01253230683137526
25.95880167763062,-0.01101004680274823,-0.7884568679568531,0.01231179314112995
26.18084204460745,-0.01121860807996067,-0.7942533369386258,0.01231084752853723
26.40478164889034,-0.0108191776765449,-0.8017585973986741,0.01220246186054288
26.63063673573415,-0.0112142856533769,-0.8078578027778605,0.0121742808035513
26.85842368934859,-0.01117744527362558,-0.8143161363524456,0.01211375457723557
27.08815903408685,-0.01110680579929784,-0.8216926128181825,0.01216148498957627
27.31985943564422,-0.01117016366198027,-0.8293551280996496,0.01210388715000731
27.55354170226722,-0.01112827148818394,-0.8378190795359757,0.01204085810121817
27.78922278597281,-0.01125038418486912,-0.8428565950052302,0.01233347040770728
28.02691978377819,-0.01100265872418904,-0.8512864455687037,0.01199374425215373
28.26664993894104,-0.01147938455311083,-0.8571023061427923,0.01212281116198409
28.50843064221045,-0.01099865145085714,-0.8655445843906477,0.01185837159333855
28.75227943308836,-0.01142038966006324,-0.8729135037365552,0.01215427359067557
28.99821400110212,-0.01136669174424494,-0.8797783023460397,0.01217635942102217
29.24625218708763,-0.01146202253433147,-0.8873923788718514,0.0120937797900628
29.49641198448358,-0.01138355827724391,-0.8952523366267968,0.01196190129169864
29.74871154063677,-0.01119808177078615,-0.9017664435214101,0.01198352282915972
30.0031691581185,-0.01152578298890765,-0.9118078164528214,0.01215071136050539
30.25980329605242,-0.0113556632453871,-0.9179140799710979,0.01206185514151835
30.51863257145351,-0.01219215720074258,-0.9263265569088901,0.01299112676786991
30.77967576057867,-0.01218089916470679,-0.9338493204406433,0.0127491616293827
31.04295180028877,-0.01203980476438042,-0.9412365264922897,0.01277347775899833
31.30847978942243,-0.01220888599795887,-0.9496777119283948,0.0127708609796142
31.57627899018139,-0.01253768517379645,-0.9573683201440133,0.01301294962166565
31.84636882952802,-0.01206342208475837,-0.9652477894149172,0.01292210264656377
32.11876890059451,-0.01195035194814352,-0.9736855536826852,0.01296785295258709
32.39349896410423,-0.01238929833081011,-0.9835811836226043,0.01288446528282881
32.67057894980524,-0.01218631173565637,-0.9908578242732489,0.01279630268620583
32.95002895791605,-0.01263428316309457,-0.9998140591763445,0.01299428792108292
33.23186926058369,-0.01240462655048519,-1.007122203379737,0.01279292386474644
33.51612030335444,-0.01263891276367143,-1.016624785735852,0.0128089456967102
33.80280270665694,-0.01225773081968531,-1.025296483155941,0.01275728590306506
34.09193726729804,-0.01256336400230439,-1.033859733762995,0.01294072885194965
34.38354495997153,-0.01245184454679419,-1.043257857165964,0.01271066009989701
34.67764693877955,-0.01238884685043359,-1.051277669646499,0.01288551652257839
34.97426453876739,-0.01210475350392262,-1.060963688981076,0.01244419136073104
35.27341927747108,-0.01228267600581239,-1.069846881611412,0.01247030199378853
35.57513285647831,-0.0124837889520707,-1.078234548784117,0.01257863086864403
35.87942716300281,-0.01226141326698501,-1.086685417019908,0.01250648719431231
36.18632427147209,-0.01229715118393029,-1.09717474173469,0.01279821810550237
36.49584644512866,-0.01235862693843263,-1.106463492702389,0.01231416019644816
36.80801613764528,-0.0127149465158721,-1.115666621828893,0.0127346071771315
37.12285599475372,-0.01262615901854031,-1.126468687144751,0.01276913306089205
37.44038885588751,-0.01246377238203559,-1.135830932159315,0.01265021161533256
37.76063775583885,-0.01282809926167096,-1.144073008546741,0.01263387882168521
38.08362592642961,-0.01277516537374065,-1.155099672203693,0.01264473544259989
38.40937679819652,-0.0130340609328774,-1.163521505274076,0.01273388926356572
38.73791400209109,-0.01289035036171555,-1.174383216321139,0.01261176842005603
39.06926137119376,-0.0126946980158495,-1.184813665068532,0.01272694522923196
39.40344294244282,-0.01290242631758135,-1.194108821614464,0.01279671051345674
39.74048295837813,-0.01310208108683243,-1.205523173923886,0.0129520005998308
40.08040586889982,-0.0129255284383684,-1.214426080146183,0.01256053253031238
40.42323633304174,-0.01297177508127711,-1.225982621592777,0.01266903286662968
40.76899922076063,-0.01283961755713776,-1.23676605288162,0.01255746658486527
41.11771961473999,-0.01309148050492229,-1.246873011803103,0.01274854621684511
41.46942281220979,-0.01277969728256991,-1.255136261300038,0.01255723309254558
41.82413432678158,-0.01303108653728579,-1.267736861385714,0.01284356856847777
42.18187989029921,-0.01326424796002207,-1.277998516108951,0.01282705672193745
42.54268545470572,-0.01297647931204743,-1.290283761126133,0.01242537978322219
42.90657719392581,-0.01295532517006124,-1.302694725177439,0.0127381000240892
43.27358150576456,-0.01345337909458715,-1.312734194636192,0.01275767575399129
43.64372501382265,-0.01347016388415545,-1.320460986700681,0.01266044651336914
44.01703456942727,-0.01330160931333294,-1.336476480412644,0.01268878195094463
44.39353725358045,-0.01309316425108811,-1.344265012325593,0.01262464221409094
44.77326037892322,-0.01316057054227735,-1.354538796099618,0.01234170763685266
45.15623149171742,-0.01358765127012472,-1.365535081171627,0.01247645591954009
45.54247837384334,-0.01303716546583408,-1.376702903815982,0.01233326331339459
45.93202904481586,-0.01312426638013866,-1.39416079341305,0.01256670552670886
46.3249117638163,-0.01399049978765924,-1.401203438195665,0.01265447686758256
46.72115503174309,-0.01372050589027759,-1.418105957469194,0.01248032400733479
47.12078759327876,-0.01314772672243324,-1.431723427761618,0.01253325207575106
47.52383843897577,-0.01350630506291303,-1.443480091312509,0.01262025401693102
47.93033680735881,-0.01399675376945413,-1.454975417207578,0.01240314455878375
48.34031218704678,-0.01389136949501266,-1.463309055944443,0.01243638766954308
48.75379431889087,-0.01330687388952139,-1.478461871202228,0.01261337433328366
49.17081319813323,-0.01362323797113336,-1.485366696124345,0.0122362673352566
49.59139907658189,-0.01455157149055714,-1.502690533452387,0.01260184818114856
50.01558246480618,-0.01423755681443946,-1.514511506719224,0.01247327822135993
50.44339413434921,-0.01438599952443138,-1.528226290012256,0.01247046424057035
50.87486511996107,-0.01364573269578022,-1.53629741533716,0.01257733133203387
51.31002672184908,-0.01349885816185406,-1.556943078394482,0.01243309676837017
51.74891050794962,-0.01433488456440123,-1.564108460017735,0.01254900682928139
52.19154831621702,-0.01446377795342741,-1.582938875886455,0.01248184575966937
52.63797225693416,-0.01410489218226304,-1.597200477359792,0.01226936053033773
53.08821471504103,-0.01419160358598608,-1.611284065133177,0.01271054980438704
53.54230835248467,-0.01444428121276038,-1.625027441995144,0.01247165710139173
54.00028611058802,-0.01458922346665535,-1.63386628063974,0.0125075844479747
54.46218121244019,-0.0141676715268253,-1.650833296145294,0.01264253026568166
54.92802716530587,-0.01499835119253665,-1.658494051634142,0.01270535257008993
55.39785776305679,-0.01518991382920329,-1.676804172809312,0.0127115877656116
55.87170708862249,-0.01478967215531097,-1.692985658536202,0.01241338818317346
56.34960951646341,-0.01506136265492558,-1.706288033758142,0.01236170979612395
56.83159971506399,-0.01486183128723137,-1.718165993292445,0.0122944072904752
57.31771264944827,-0.01451190486078746,-1.733293295032539,0.01245156699432377
57.80798358371572,-0.01504786378343966,-1.751971646244442,0.0125686069739279
58.30244808359976,-0.01450026843683153,-1.765145739233617,0.01229145697061861
58.80114201904774,-0.01496832205409054,-1.780137998606875,0.01238163305054686
59.30410156682287,-0.01512963614793083,-1.796154896277038,0.01254218675236513
59.81136321312895,-0.01519732908491864,-1.812058297457298,0.01272429759829203
60.32296375625693,-0.01532274126301228,-1.825457567427563,0.01266319195703591
60.83894030925439,-0.01575601229476602,-1.841892658566913,0.01265451175421256
61.35933030261801,-0.01544390988776971,-1.858246377702864,0.01275769074177235
61.88417148700849,-0.01549096854852833,-1.873712649987866,0.01271563095933514
62.4135019359896,-0.01526379759934305,-1.889612837213562,0.01243584076299977
62.94736004878984,-0.0153212742280864,-1.904805851749046,0.01255611062205551
63.4857845530881,-0.01543829548933051,-1.9212399494225,0.01276251884196843
64.02881450782313,-0.01557592539640603,-1.937869040665447,0.01284555849653984
64.57648930602696,-0.01554909997673656,-1.954209491045972,0.01248024620339384
65.12884867768243,-0.01553358141127134,-1.970582278850884,0.01239776055090101
65.68593269260566,-0.01565751148420513,-1.986454404472369,0.01242258646046115
66.24778176335261,-0.01610260530786673,-2.003068305249045,0.01250983370396043
66.81443664815073,-0.01586397248599758,-2.021023709889199,0.01274422066912707
67.38593845385577,-0.0161507828385129,-2.037991640720747,0.01250418369922431
67.9623286389338,-0.01617766963504277,-2.057838271461733,0.01268823277374175
68.54364901646849,-0.01634496763508147,-2.074375900613497,0.01246606013975852
69.12994175719473,-0.0164582402951052,-2.090744805688281,0.01255643185335694
69.72124939255761,-0.01645570898791241,-2.109215594322123,0.01276448801944246
70.3176148177978,-0.01630731192631336,-2.12643020159129,0.01246471119826244
70.91908129506331,-0.01679083150084151,-2.145960729626182,0.01272348853943124
71.52569245654794,-0.01676075199953235,-2.163669770440215,0.01275543644333522
72.1374923076562,-0.01677108237314892,-2.182580549007326,0.01266754883911001
72.75452523019601,-0.016734797667059,-2.20092086657931,0.01228984374809684
73.37683598559801,-0.01669465360555945,-2.218710241570022,0.01242874291949081
74.0044697181628,-0.01656002415189702,-2.239628706575431,0.01232589990867674
74.63747195833584,-0.01714918438295466,-2.257748659959304,0.01255465522966366
75.27588862601014,-0.01716390294946938,-2.276614601567246,0.012685534514967
75.91976603385785,-0.01732104520246169,-2.297071332081501,0.01246042226029807
76.56915089068961,-0.01737894117061385,-2.316258328953744,0.01264492493253394
77.22409030484303,-0.01762325848090857,-2.336579763963201,0.01256176701580417
77.88463178760009,-0.0173199369458234,-2.357013344394204,0.01271549991968513
78.55082325663379,-0.01771653053119428,-2.37488554273591,0.01250330521915149
79.22271303948398,-0.01780266080299944,-2.396496206062636,0.01257167709070748
79.90034987706362,-0.01807597269102464,-2.41680416579635,0.01286301646581623
80.58378292719426,-0.01791848044088781,-2.436386686931513,0.01261637915457694
81.27306176817225,-0.01817304208416289,-2.457961947054002,0.01267862364758182
81.96823640236522,-0.01845074317185029,-2.478465086725333,0.01284633169112044
82.66935725983954,-0.01863852339372478,-2.499392087202736,0.01291076915305843
83.37647520201831,-0.01833751336705791,-2.521446644121824,0.01279532808509593
84.08964152537148,-0.01849318683485845,-2.542849902124786,0.01277572756780856
84.80890796513678,-0.01907159219440252,-2.563468195783024,0.01309263006193661
85.53432669907276,-0.01891196984550592,-2.586067000477627,0.01278602070779938
86.26595035124411,-0.0192545959514895,-2.607982141798076,0.01293181119070357
87.00383199583869,-0.01907469260846894,-2.630990793701045,0.01281988025185784
87.74802516101829,-0.01961465268500774,-2.65295407683184,0.01292493374358729
88.49858383280142,-0.01962728285088602,-2.674010754775196,0.0131571538805577
89.25556245897958,-0.02011833515605159,-2.700014952428205,0.01313067879437107
90.01901595306718,-0.01949154287092631,-2.72070956175962,0.01281237333118952
90.78899969828521,-0.01981954300688465,-2.743294173332939,0.01275031334782323
91.56556955157843,-0.01987200594424497,-2.767426908286039,0.01244565140870395
92.34878184766814,-0.02008798817586242,-2.79142674023484,0.01278060105343428
93.13869340313829,-0.02057588492481867,-2.814627346558098,0.01284706621552577
93.93536152055742,-0.0206608735992891,-2.838778544493593,0.01276459181983487
94.73884399263541,-0.02079472195463904,-2.862898214282918,0.01288336995631591
95.54919910641611,-0.02062372603235855,-2.886998795099146,0.01263539547585209
96.36648564750526,-0.02074101041580824,-2.910395039555567,0.01278684115400047
97.19076290433554,-0.02102447837215136,-2.938041896262234,0.01273089318702735
98.02209067246716,-0.02144461215692578,-2.960993712241908,0.01288900270846809
98.86052925892568,-0.02135065257448497,-2.98835176267616,0.01283757270550426
99.70613948657703,-0.02132403235530534,-3.014693229994837,0.01279299965251298
100.5589826985393,-0.02121333369710285,-3.039681799844239,0.01252395891326764
101.4191207626334,-0.02171927410913326,-3.06603041571708,0.0127749051094196
102.2866160758707,-0.02197962952882271,-3.090384215368356,0.01269909285678238
103.1615315689797,-0.02209478492959559,-3.118099239929293,0.01284546888136242
104.0439307109712,-0.02207222404938902,-3.143046632981282,0.01273221439372464
104.9338775137423,-0.02229738363336751,-3.169337496986685,0.0127951664563218
105.8314365367202,-0.02221967041305144,-3.196911170586077,0.0126447898912255
106.7366728915458,-0.02233028545537952,-3.224395197809088,0.01271340405821349
107.6496522467965,-0.02280868322999248,-3.253352938315778,0.01262294995284273
108.5704408327505,-0.02286780548615462,-3.278201645481971,0.01261048841313169
109.4991054461911,-0.02320599119975693,-3.307951259104925,0.01272858596468047
110.4357134552526,-0.02330349726166097,-3.337424133045474,0.01244567943500794
111.3803328043068,-0.02311343810852448,-3.366297311808182,0.01236831499321847
112.3330320188928,-0.02363252230246633,-3.394948173790453,0.01244045661399292
113.2938802106868,-0.02385394904440356,-3.42212556491188,0.01260575807898926
114.2629470825173,-0.02440810681082359,-3.451858473302707,0.01263043100993385
115.2403029334201,-0.02435294421726918,-3.483177206668302,0.012781241376914
116.2260186637386,-0.02456684331753067,-3.510534798338818,0.01277688456637159
117.220165780267,-0.02468728619434642,-3.541675519778067,0.01280096913465354
118.2228164014382,-0.02527426042874176,-3.57167445243563,0.01289929207230143
119.2340432625543,-0.02534020450495172,-3.602797747981199,0.01280378774246672
120.2539197210645,-0.02496827858170173,-3.63238066719579,0.01266874733528383
121.2825197618852,-0.02532626842744444,-3.665461963977975,0.01264643321953535
122.3199180027682,-0.02600324512787119,-3.695536046859502,0.01279147492982223
123.3661896997129,-0.02601144145167759,-3.72688472813519,0.01265699354915775
124.4214107524268,-0.02622911182462347,-3.758883743384729,0.01263301204555557
125.4856577098295,-0.02632657452325332,-3.791260269124795,0.01252579544232699
126.5590077756082,-0.02648318415003167,-3.824011450777277,0.01259123709355201
127.6415388138162,-0.0266415448339579,-3.856137018732028,0.01250249038571316
128.7333293545225,-0.02719037433333351,-3.889897838929535,0.01275340888691946
129.8344585995082,-0.02695125033569425,-3.922875792742687,0.01247987275994093
130.9450064280128,-0.0273205770974748,-3.956390923471602,0.01274222383715896
132.0650534025274,-0.02744804346238652,-3.989472233242992,0.01257834487957789
133.1946807746408,-0.02777039373374119,-4.023098399930305,0.01281742693723233
134.3339704909318,-0.02811559338546114,-4.057622696915246,0.0127781074305437
135.4830051989155,-0.02834005101634073,-4.092457202192662,0.01253093551116945
136.6418682530375,-0.02851283786028267,-4.126908792102654,0.01253757260482005
137.8106437207222,-0.02923894112599493,-4.161855964580496,0.01248832791032579
138.9894163884692,-0.02943735338031418,-4.19863082001882,0.01270220986320291
140.1782717680067,-0.02939734239062376,-4.235409418173305,0.01259974823519567
141.3772961024914,-0.02990575526871415,-4.270608894408895,0.01260835479810752
142.5865763727684,-0.03015894342924463,-4.307096141869515,0.01269839769750103
143.8062003036779,-0.03018893324909198,-4.343306499051586,0.01250878928637174
145.036256370422,-0.03057162457256937,-4.382399302878632,0.01267891174065036
146.2768338049798,-0.03137288602606836,-4.420103709962802,0.01267971255191387
147.5280226025837,-0.03131490235964782,-4.45624840200216,0.01285139054260052
148.7899135282448,-0.03151975281374051,-4.494372156036903,0.01276322479957294
150.0625981233405,-0.03235264267243949,-4.53411012145574,0.01289275703598774
151.3461687122521,-0.03248472064382253,-4.572238383064096,0.01279983340488626
152.6407184090652,-0.03267453952848343,-4.610306682637201,0.01262302528365628
153.9463411243218,-0.03296845989482051,-4.651287942549573,0.01269722452462356
155.2631315718348,-0.03326589613130049,-4.689413435130206,0.01285839859956837
156.5911852755573,-0.03342168059001351,-4.729900910175857,0.01270472826316988
157.9305985765144,-0.03358807370540971,-4.770820159796099,0.012481285406925
159.281468639789,-0.03401083099154091,-4.811800379576283,0.01260586097487548
160.6438934615737,-0.0345637636366406,-4.853093516602584,0.01288396131193349
162.0179718762768,-0.034895267886886,-4.895160537071234,0.01266092985817814
163.4038035636946,-0.03557170223499472,-4.937357459635805,0.01282571060659744
164.80148905624,-0.03584203774858986,-4.980107883217272,0.01286013626551727
166.211129746238,-0.03597322292477219,-5.020555698240429,0.01250440543860945
167.6328278932787,-0.03620886999010189,-5.064945408412171,0.0127855047577418
169.0666866316373,-0.0365327598327764,-5.109413108366468,0.01270471472499743
170.5128099777544,-0.03738524133246229,-5.15151885974403,0.01285042246575649
171.9713028377826,-0.03764681112735169,-5.197752449852446,0.01284787222636207
173.442271015196,-0.03782774963266315,-5.241585438295658,0.01275074418001877
174.9258212184666,-0.0387613278994204,-5.284852424178027,0.01281905251816883
176.4220610688036,-0.03872228807361344,-5.330538778749442,0.01247757420736698
177.9310991079626,-0.03913035325369126,-5.376605234849706,0.01260544664707387
179.4530448061173,-0.03966875846243066,-5.422317966653598,0.01249114763532238
180.9880085698029,-0.03986360844504814,-5.468780291568862,0.01270169476554934
182.5361017499233,-0.0403617699779188,-5.514498873861408,0.01260056349689974
184.0974366498314,-0.0408864839610617,-5.562471779958216,0.01276731536962934
185.6721265334727,-0.04120309473001172,-5.611379661648556,0.01227625256064305
187.2602856336052,-0.04188791533551411,-5.659366144830198,0.01258064684787162
188.8620291600831,-0.04234157921049282,-5.707579575879862,0.01260923308493063
190.4774733082168,-0.04263294856123924,-5.757529209963394,0.01245342119037296
192.1067352672008,-0.04293092629717319,-5.80718928893974,0.01239537166058289
193.7499332286154,-0.0434026328349699,-5.855943066247328,0.01239152233784432
195.4071863950005,-0.04406038239275935,-5.905657623390567,0.01235498660028053
197.0786149885033,-0.04459225025091939,-5.956748953443137,0.01254133221736975
198.7643402595985,-0.04508273648986863,-6.008033044182014,0.0125350381201905
200.4644844958858,-0.04558871654574986,-6.060996939954578,0.01257267488722662
202.1791710309596,-0.04644184074948646,-6.111875637904092,0.01270586627942078
203.9085242533569,-0.04689909169722436,-6.165732667396639,0.01256913836699498
205.6526696155804,-0.04756918865715747,-6.217696235458618,0.01264028556010382
207.4117336431992,-0.04785303438099479,-6.270498247597729,0.01249685509827266
209.1858439440272,-0.0484920884894307,-6.325262967682505,0.01253585555512286
210.9751292173807,-0.04900704700217276,-6.379238267035092,0.01226536474561142
212.7797192634141,-0.04964554506725303,-6.434755806382768,0.01238365645799879
214.5997449925365,-0.05030018099229676,-6.491173660193851,0.01270730412470377
216.435338434908,-0.050836370049605,-6.546281553664841,0.01263718788174134
218.286632750017,-0.05125242290521063,-6.60200445505248,0.01236419225112459
220.1537622363413,-0.05197764426038921,-6.660309698779507,0.01262868465922075
222.0368623410896,-0.0524385942069407,-6.718014012674828,0.01229033910002279
223.9360696700273,-0.05338263581058741,-6.775682703510753,0.01265745517152372
225.8515219973868,-0.05418346756136953,-6.832340803198964,0.01289299107774149
227.7833582758616,-0.0548707891717839,-6.891822485485307,0.0128226010339785
229.7317186466859,-0.05521083264380337,-6.952327685393298,0.01249717456151985
231.6967444498023,-0.05608300954021382,-7.011272504194295,0.01263410520919763
233.6785782341138,-0.05648648441472412,-7.073121559649096,0.01268574849284848
235.6773637678249,-0.0574203940515751,-7.133406512129795,0.01256647616743177
237.6932460488715,-0.05827552493654325,-7.195976041540916,0.01248025263585995
239.7263713154392,-0.05877619289037923,-7.256635649808629,0.01278793757363787
241.776887056571,-0.0596743039685988,-7.318820712551805,0.01270042977379433
243.8449420228685,-0.06030944404016824,-7.38292511701556,0.01262531359842493
245.930686237281,-0.06058450559280984,-7.446977550562167,0.01249973962853371
248.0342710059894,-0.06188617542115367,-7.51117568527016,0.01256150997394118
250.1558489293827,-0.06255260612998143,-7.575923844602642,0.01256643459714976
252.2955739131265,-0.06322363692866721,-7.642057800805162,0.01261388867431778
254.4536011793301,-0.06440496389160442,-7.705765322693196,0.01275240815503736
256.6300872778051,-0.06486022128320962,-7.773778348016961,0.0127042123806679
258.8251900974225,-0.06609405528545569,-7.842278877088944,0.01262646496661649
261.0390688775667,-0.06668433565814701,-7.909052155057367,0.01261071311396822
263.271884219687,-0.06774387430342163,-7.978019587860047,0.01253461233601492
265.5237980989471,-0.06857024948815088,-8.04582857146363,0.01264698410154059
267.7949738759775,-0.06974666196026226,-8.118345808283905,0.01274778109005994
270.0855763087242,-0.07030392076148956,-8.185102826817911,0.01257983846246826
272.3957715644017,-0.0712709025564803,-8.258180489446175,0.0125559101804363
274.7257272315468,-0.07224554933649649,-8.329274015198926,0.01279576611604405
277.0756123321769,-0.07316814198010717,-8.401420023421224,0.01249115545095368
279.4455973340493,-0.07390257283078216,-8.474397110546491,0.01272721023361823
281.8358541630299,-0.07529047153785354,-8.548416604707967,0.01270351613740219
284.2465562155638,-0.07642553753965006,-8.622962918001662,0.01260774465087527
286.6778783712544,-0.0772398189089937,-8.697175651336792,0.01254009215673511
289.1299970055498,-0.07854813701363769,-8.772939449163943,0.01288346192648026
291.6030900025366,-0.07945607938242669,-8.849935312721101,0.01252144211285447
294.0973367678461,-0.08055936090803259,-8.928091939212718,0.01261806424348926
296.612918241667,-0.08193413627883707,-9.005194799464718,0.01286833513224004
299.1500169118725,-0.08280413002738414,-9.083528007097073,0.01276965388771721
301.7088168272581,-0.0838976960506395,-9.162418586212397,0.01277883800385065
304.2895036108936,-0.08498095735092087,-9.242803917449919,0.0127457642549537
306.892264473587,-0.08611451521961515,-9.323953667474285,0.01273458067688566
309.5172882274679,-0.08724525728330269,-9.405262102519483,0.01253936655378748
312.1647652996827,-0.08878377857237765,-9.486729994986923,0.01278228774420372
314.8348877462093,-0.08974798253126375,-9.568716186276276,0.01280227300554966
317.5278492657895,-0.09097503459828749,-9.653316321025997,0.01257797672729983
320.2438452139808,-0.0920347098786857,-9.738841628369997,0.01257125698940799
322.9830726173261,-0.09338106203203617,-9.823847222137701,0.01263128664932349
325.7457301876507,-0.09477424231512864,-9.907489265771574,0.01260927344535191
328.5320183364722,-0.09619510975829236,-9.994732933422569,0.01252630450206312
331.3421391895444,-0.09722610264890499,-10.08270142505054,0.01229404761881098
334.176296601515,-0.09923036392845676,-10.17208635948579,0.01291499892076708
337.034696170718,-0.1004377352756264,-10.26094348257472,0.01262893548274735
339.9175452540848,-0.1016065805458485,-10.34979780537796,0.0124090206217315
342.8250529821909,-0.103146370365496,-10.44030752847603,0.0124434625744159
345.7574302744217,-0.1048906951272992,-10.53141979905073,0.01277228853081827
348.7148898542782,-0.1062115873719058,-10.62522941294375,0.01246375356760976
351.6976462648042,-0.1081322966932082,-10.71745889690672,0.0128343826596914
354.7059158841535,-0.10926708824222,-10.81320960505675,0.01235599481172698
357.7399169412834,-0.1109763759844177,-10.9075072541801,0.01251150937139634
360.7998695317899,-0.1123922544998393,-11.00551598902197,0.01237340952480918
363.8859956338686,-0.1143355360616112,-11.10018534783345,0.01253550099956349
366.9985191244234,-0.115743578209883,-11.19819379943904,0.01233065728272638
370.1376657953022,-0.1175465971395299,-11.29620809943849,0.01236795514432053
373.3036633696804,-0.1192457341142762,-11.39813790969228,0.01253285203872205
376.496741518577,-0.121232046195323,-11.49925994264059,0.01270213059153962
379.7171318775207,-0.1227490131814402,-11.60111186006509,0.01236279807256921
382.9650680633468,-0.1244276241006042,-11.70454109061825,0.01262857116584844
386.2407856911515,-0.1262739561741462,-11.8065986884904,0.01257640815849353
389.5445223913775,-0.1281767175677285,-11.91204805544692,0.01252880013161652
392.8765178270582,-0.1298026292096473,-12.01722978369436,0.01259377418766514
396.2370137111982,-0.13205053674227,-12.12269878815766,0.01238595985917739
399.626253824314,-0.1339793071266938,-12.23172203421541,0.0122966983091854
403.044484032112,-0.136035223241037,-12.33949164852376,0.01238934451348725
406.4919523033308,-0.1379456813701201,-12.44851930548202,0.01238008008022588
409.9689087277224,-0.1402803035034602,-12.56038282987964,0.01238865829941909
413.4756055342027,-0.1426110140489326,-12.67208665948812,0.01277482083708911
417.0122971091408,-0.1442888218290404,-12.78278153716978,0.01244337615269002
420.5792400148206,-0.1464653162787926,-12.89875603154164,0.01243981107890552
424.176693008045,-0.1491407387819254,-13.01497300462486,0.01269871228453584
427.804917058915,-0.1515057891369421,-13.12901613304558,0.01277154428247855
431.464175369752,-0.1535389012242818,-13.24653373047656,0.01250438995879689
435.1547333942011,-0.1560576527978854,-13.3647630793489,0.01279294649994723
438.8768588564793,-0.1584772853374469,-13.48370330511044,0.01257179008250356
442.6308217708041,-0.1607249097674837,-13.60496179579226,0.01237678514138293
446.4168944609751,-0.1634677195109696,-13.72686458684333,0.01260602725377814
450.2353515801339,-0.166001472765576,-13.85229108219463,0.01265382682486111
454.0864701306841,-0.1686807976960799,-13.9753156149981,0.01263430137003397
457.9705294843915,-0.1714222309094402,-14.10158082221363,0.01243849336027803
461.8878114026435,-0.174179828986544,-14.22943927932786,0.01263817110213439
465.8386000568961,-0.1769501742811527,-14.3559770221722,0.01242162122836409
469.8231820492819,-0.1794593629924989,-14.48597540590828,0.01243587556545075
473.8418464334067,-0.1822380683962899,-14.61664237903653,0.01222945779458647
477.8948847353134,-0.1854367513957384,-14.75006361581856,0.01292692767170775
481.982590974636,-0.1884282433362116,-14.88276827587828,0.0128170767449737
486.1052616859213,-0.1912480827019885,-15.01736398490213,0.0123579367159624
490.2631959401489,-0.1945349457014928,-15.1536090910401,0.01276434516580912
494.456695366418,-0.1976759884110674,-15.29026363872899,0.01261759584156948
498.6860641738359,-0.2005764599910548,-15.43099168785899,0.01276446491270685
502.9516091735803,-0.2041116573137193,-15.56991253066114,0.01284400150555539
507.2536398011624,-0.2074084450091305,-15.71206131443004,0.01261798074206484
511.5924681388676,-0.2108355604278409,-15.85484228024113,0.01272766730130799
515.9684089384011,-0.2145101434278441,-16.00094238048162,0.01283366249525772
520.3817796437154,-0.2176716426680867,-16.14552584409719,0.01243068955571805
524.8329004140447,-0.2215863277229489,-16.29462461845127,0.0128967434988178
529.3220941471226,-0.2253545046353883,-16.44284831589357,0.0128684765420858
533.8496865026149,-0.2286647543652501,-16.59373175273954,0.01257946187971367
538.4160059257352,-0.2324733001307555,-16.7458240563914,0.0125062021411133
543.0213836710788,-0.2364600761452845,-16.89990470631196,0.012561213751363
547.6661538266475,-0.2402994633709829,-17.05730339406774,0.01264490804887171
552.3506533380887,-0.244018721450463,-17.21446618540822,0.0123609066808269
557.0752220331361,-0.2479522729073702,-17.37382334787564,0.01247065578992393
561.8402026462638,-0.2523538128469026,-17.53263478970496,0.01243730293149479
566.6459408435478,-0.2561127290855176,-17.69725808692195,0.01231223294998366
571.4927852477426,-0.2609713382685259,-17.86053834221869,0.01249473918923723
576.3810874635714,-0.2655432428551964,-18.02671858914844,0.01275399145190147
581.3112021032312,-0.2697032757041042,-18.19382932732858,0.01251704896318409
586.2834868121191,-0.2743962540641479,-18.36485642926718,0.01267465605742226
591.2983022947768,-0.2788679360746891,-18.53330627293458,0.01279596316543491
596.3560123410554,-0.2838582170332166,-18.70886864180272,0.01245422306102872
601.4569838525078,-0.2888769550561077,-18.88348032650043,0.01250690153437619
606.601586869005,-0.2937513665776445,-19.06001906701181,0.01264213102450688
611.7901945955775,-0.2987406103418898,-19.24082047027961,0.01265138895497472
617.0231834294913,-0.3041303854793847,-19.42040338239096,0.01238790844243345
622.300932987552,-0.309510322913572,-19.60451843522193,0.01260109524579591
627.6238261336421,-0.3144683382615199,-19.79124097963371,0.01227977049778683
632.9922490064976,-0.3204370223239997,-19.97588432197093,0.0124067142121386
638.4065910477177,-0.3260603014050292,-20.16598312179269,0.01246128870294628
643.8672450300165,-0.331950030454059,-20.3577697276495,0.01248866843125067
649.3746070857164,-0.3375245198997675,-20.55015116115571,0.01234593086844224
654.9290767354845,-0.3438479619714417,-20.74487160998419,0.01251005338345049
660.5310569173143,-0.3496307773622832,-20.94480949546753,0.01257082232708007
666.1809540157578,-0.355888576782958,-21.1446551282158,0.0125655722096417
671.8791778914036,-0.3622624656244361,-21.34573166940939,0.01264389777845927
677.6261419106113,-0.3688675272148646,-21.55260549703055,0.01288815616383285
683.4222629754979,-0.37531963913597,-21.75990780414973,0.01254596362559494
689.2679615541798,-0.3821150760498017,-21.96781174839633,0.01256045720515236
695.1636617112767,-0.3894445103937649,-22.18201439995559,0.0126589037865952
701.1097911386742,-0.3961392844260799,-22.39735218130662,0.01262426257472062
707.1067811865477,-0.4034472753674527,-22.61429241307902,0.01263161404986394
713.155066894657,-0.4109884489113416,-22.83299487695223,0.01266227900174905
719.2550870239041,-0.4182523107887376,-23.05690076203576,0.0130110804530914
725.4072840881605,-0.4261671357676132,-23.28331013715263,0.01267544121954739
731.6121043863715,-0.434050920397148,-23.50961439206586,0.01281500246819032
737.8699980349304,-0.4418394335254184,-23.74232256539633,0.01242018635759197
744.1814190003305,-0.4501315762860453,-23.97718174877562,0.01236335185854612
750.5468251320995,-0.4586497804558438,-24.21326558122402,0.01261034744650464
756.9666781960118,-0.4672632680054215,-24.45199443271879,0.01262518668380986
763.4414439075856,-0.4762609050104787,-24.69591073329175,0.01278312966559334
769.9715919658697,-0.485263413072157,-24.94122085149036,0.01266848063730997
776.5575960875144,-0.4945270147682177,-25.19254557914527,0.01266655398623861
783.1999340411378,-0.5038538831588218,-25.44108100472945,0.01254248967540028
789.8990876819848,-0.5134238189216318,-25.69633714102621,0.01285142097648276
796.6555429868807,-0.5235565825389553,-25.95647152657192,0.01279630220091954
803.4697900894869,-0.5339705650608674,-26.21598243390085,0.0129420562930281
810.342323315857,-0.5441630402535226,-26.48087474245792,0.01309567497280218
817.2736412202946,-0.5545939822620748,-26.7491927526902,0.01303771799842674
824.264246621522,-0.5657120393817513,-27.02314445310138,0.01285282528679187
831.3146466391561,-0.5766283117683886,-27.29870362597651,0.01251979750410601
838.4253527304942,-0.5880035375995794,-27.5776897200667,0.01271781660810043
845.5968807276195,-0.5996313908188433,-27.8615857397636,0.01257417555623156
852.8297508748196,-0.6117546251346486,-28.14962562167408,0.01292865630520272
860.1244878663263,-0.6237640741583207,-28.43796586388913,0.01254777606288936
867.4816208843795,-0.63641643632108,-28.73422222364049,0.01279328638326315
874.9016836376154,-0.649166247539593,-29.0315001536006,0.01268045836439847
882.3852143997822,-0.6620843415150713,-29.33379008861259,0.01286674973268529
889.9327560487899,-0.6753468769638256,-29.64328891693768,0.01257769626705998
897.5448561060919,-0.6898367994645114,-29.95445506187832,0.01265417917342852
905.2220667764013,-0.7037916548154556,-30.26874545666642,0.01263929004128789
912.9649449877543,-0.7181658004956869,-30.58995417167201,0.01265564467715958
920.7740524319064,-0.7331105980689121,-30.91622014160778,0.01254830393804887
928.6499556050832,-0.7492286333713211,-31.24602859855779,0.01307552488636769
936.5932258490736,-0.7641597460251858,-31.57798479403122,0.01283806769153941
944.6044393926765,-0.7802897512946707,-31.91890373850921,0.01273177164752396
952.6841773935035,-0.796611725196136,-32.26250895827985,0.01242419535883635
960.8330259801377,-0.8140590935805407,-32.61081264662662,0.0129162357419782
969.051576294651,-0.8308981384819671,-32.96648680040103,0.0130089653450116
977.3404245354903,-0.848656978491078,-33.32893678235645,0.0128099855702521
985.7001720007271,-0.867510572135787,-33.69115292346066,0.01327935427635268
994.1314251316743,-0.8857276720414636,-34.06312481542648,0.01279530488362673
1002.634795556883,-0.9052117631879806,-34.44011860028936,0.01292441678749217
1011.210900136512,-0.9247439265291217,-34.82228896267291,0.01272705944154117
1019.860361007071,-0.9454917585229611,-35.21111047880345,0.0127098691733151
1028.58380562656,-0.9667393912699324,-35.60397949844373,0.01299449473898245
1037.381866819984,-0.9882905814654004,-36.00576797918266,0.01302436389393346
1046.255182825256,-1.010658292169438,-36.41371785077479,0.01282988138705914
1055.204397339504,-1.032982995931888,-36.82625398450972,0.01320176721082176
1064.23015956576,-1.056398070208587,-37.246854048119,0.01284744712261913
1073.333124260059,-1.080721387694129,-37.67451084403697,0.01284119261317043
1082.513951778938,-1.105456444118741,-38.10869970090471,0.01301576406644303
1091.773308127334,-1.130805108488611,-38.55013785432583,0.01276107016490103
1101.111865006906,-1.157217071629767,-38.99892372106706,0.01315730143513188
1110.530299864758,-1.184752553514658,-39.45267931686046,0.01306805310490083
1120.029295942584,-1.212814408176999,-39.91834904572568,0.01317183750810445
1129.609542326229,-1.241087146829358,-40.38815014230987,0.01320517063123574
1139.271733995684,-1.270786916568656,-40.86962757896825,0.01313016448160606
1149.016571875497,-1.301368149197769,-41.35706170465658,0.01306217737532745
1158.844762885621,-1.333182879905355,-41.8541200812442,0.01354513789941346
1168.757019992698,-1.365609497665334,-42.35960262571598,0.01360926742183041
1178.754062261777,-1.39951433432877,-42.87350537369686,0.01337525430603235
1188.83661490848,-1.434321135783287,-43.3958904273711,0.01377696471551039
1199.005409351609,-1.469889785605135,-43.93090674858841,0.01340211554093758
1209.261183266204,-1.506535683761563,-44.47318105606587,0.01356076930423964
1219.604680637065,-1.54466308537844,-45.02537831206094,0.01354393689753848
1230.036651812709,-1.584183145863403,-45.5916177646212,0.01348413079952641
1240.557853559814,-1.624957199518673,-46.16390098640255,0.01329187149274335
1251.169049118112,-1.666996390581053,-46.74813976936692,0.01355599295863976
1261.871008255757,-1.709945779727445,-47.34351562105655,0.01327570770797475
1272.664507325167,-1.755068532174282,-47.95004070519542,0.01322542210806351
1283.550329319346,-1.801271161721269,-48.56630853522663,0.01292900968571417
1294.529263928676,-1.849804818840971,-49.19948273650451,0.01314059269056138
1305.602107598215,-1.89985543776579,-49.84191183763792,0.01339284261370109
1316.769663585464,-1.951995993666021,-50.49857586937287,0.01371483880725764
1328.032742018642,-2.00454369794048,-51.16664901432807,0.01352414800108579
1339.392159955455,-2.060167546190593,-51.84985924445456,0.01332747033778503
1350.848741442368,-2.118164840966529,-52.54448300036029,0.01336143368159325
1362.403317574383,-2.17746536089443,-53.25369823193279,0.01363019619187886
1374.056726555328,-2.239111215135135,-53.97860102057744,0.01348826611282691
1385.809813758664,-2.303019879709274,-54.71773520956093,0.01299805439964573
1397.663431788814,-2.370272344112702,-55.47223617002773,0.01340571973051386
1409.61844054301,-2.439306544609283,-56.24526314579957,0.01367122468814604
1421.675707273668,-2.511094043840272,-57.03073252473668,0.01357299728987742
1433.836106651314,-2.585966109916928,-57.83250583343244,0.01359711700251702
1446.100520828022,-2.663521539405521,-58.6545959567768,0.01380095772299528
1458.469839501415,-2.743909096863268,-59.49264267821701,0.01354044044882668
1470.944959979206,-2.828201846728893,-60.35087173377637,0.01353142597963658
1483.52678724429,-2.915634937519596,-61.2245675096248,0.01350410446631974
1496.216234020391,-3.007055042368396,-62.12023283386436,0.01350621088427447
1509.014220838282,-3.102566351820728,-63.03612427050962,0.01386040873287549
1521.921676102557,-3.201252662349502,-63.96933168061231,0.0137040017133073
1534.939536158978,-3.305217425501757,-64.92537542654999,0.0140696629300099
1548.068745362408,-3.41264742776764,-65.90440377281284,0.0138573527803836
1561.310256145313,-3.525176777913651,-66.90310894100315,0.01434579193473311
1574.665029086852,-3.642661658304255,-67.9221556145977,0.01402121680812292
1588.134032982563,-3.765422049299114,-68.96869551785677,0.01366685662293172
1601.718244914646,-3.893338076538985,-70.03758861614214,0.01368031764086728
1615.418650322835,-4.027369028361485,-71.1315012507953,0.01388582276827213
1629.236243075894,-4.167607234533561,-72.24700980201095,0.01372254314818457
1643.172025543705,-4.314472304049232,-73.39039303293946,0.01363029272708527
1657.227008669993,-4.468040146972588,-74.56058341009019,0.01365351744464399
1671.40221204566,-4.629056474767573,-75.75350070041985,0.0139302454802208
1685.698663982742,-4.798710326891261,-76.97352639894063,0.01381943579354443
1700.117401589016,-4.975843041759745,-78.22442221593258,0.01409584652029308
1714.659470843231,-5.161154591959273,-79.50354364653913,0.01399927728793535
1729.325926670981,-5.355914814967467,-80.81140518145787,0.01366655484923973
1744.117833021244,-5.561018308571932,-82.14597700104054,0.01395505245755343
1759.036262943554,-5.775492286299463,-83.5152502103995,0.01431664284650706
1774.082298665846,-6.00180632805783,-84.91161543153625,0.01434016951760166
1789.257031672967,-6.240901599933544,-86.33530883880815,0.01435414885855471
1804.561562785854,-6.490688224867222,-87.79372704202882,0.01407766655172712
1819.997002241386,-6.755014104404867,-89.27827624958475,0.01432549139642134
1835.564469772933,-7.033549480435104,-90.79508817559463,0.01450657322503938
1851.26509469158,-7.326351744300855,-92.3440551888485,0.01451152502980354
1867.100015968047,-7.634559143152716,-93.91559938771991,0.01438115659886872
1883.07038231532,-7.960873559632677,-95.53139180168522,0.01446899905289246
1899.17735227198,-8.304897974932095,-97.16574836251372,0.01415778557168224
1915.422094286244,-8.669735972499199,-98.83313798665006,0.01487994725570314
1931.805786800731,-9.053745317130428,-100.5237005561656,0.01501780224492153
1948.329618337948,-9.461612214113307,-102.237783917696,0.01493030119137541
1964.99478758651,-9.892084214833208,-103.9803436362853,0.0148637465897623
1981.802503488097,-10.34841492721609,-105.7492731858057,0.01452612089846611
1998.753985325153,-10.83128721170923,-107.5357876589342,0.01453265708517904
2015.850462809336,-11.34491297996842,-109.3354663015468,0.01459216355761596
2033.093176170728,-11.89100098504133,-111.153785218761,0.01504054293722188
2050.483376247799,-12.47063386174229,-112.9903226697482,0.01535050436455562
2068.022324578156,-13.08765059846528,-114.8251469583528,0.0147369658911965
2085.711293490049,-13.74435157401128,-116.6622005489413,0.01482918093730878
2103.551566194675,-14.44901596226635,-118.4938091460122,0.01435135495212049
2121.544436879266,-15.19804799694764,-120.3127825234522,0.01528155120979164
2139.69121080097,-15.99813306086226,-122.1015454200684,0.01521162254050777
2157.993204381542,-16.86031701435265,-123.8686633176777,0.01557289395253401
2176.451745302838,-17.78516580338258,-125.5722648531988,0.01498888942335066
2195.068172603134,-18.78053542599449,-127.1870069891407,0.01502786638344418
2213.843836774256,-19.86938025426595,-128.7414754385029,0.0159276047291404
2232.780099859557,-21.03193265325597,-130.1783433598383,0.01550040539897683
2251.878335552716,-22.31046188842436,-131.4221437121298,0.01547230809343446
2271.139929297397,-23.70844742408643,-132.4668213916949,0.01546271714946957
2290.566278387752,-25.23928542558384,-133.1412267447203,0.01545981473904503
2310.158792069777,-26.95683465450593,-133.4322976028186,0.01583235181716482
2329.918891643553,-28.86606633816814,-132.9746601085143,0.01614318284815838
2349.84801056635,-31.05838837950785,-131.4907025390068,0.01624665528396487
2369.947594556605,-33.58246633960205,-128.5389089530215,0.01598550799940572
2390.21910169881,-36.42950355063537,-123.0481888679393,0.01590576711347995
2410.664002549283,-39.61689812482117,-111.9994628791164,0.01610851794808593
2431.283780242839,-42.77093224318436,-92.53106911018483,0.01586870498864679
2452.079930600393,-44.88075664044849,-65.38503018912192,0.01566874207485365
2473.053962237462,-45.76851178900008,-39.23059586124998,0.01532397547446585
2494.207396673608,-46.81933650215019,-17.16961587686643,0.01622451023677522
2515.541768442817,-49.19356743135832,10.58691668970465,0.01606695372957826
2537.058625204811,-49.92777731582664,68.6077297116716,0.01534168559068994
2558.759527857325,-44.26146005209753,111.1440869085354,0.01642430812478601
2580.646050649341,-39.06212970964986,125.9165711958136,0.0165105409949216
2602.719781295285,-34.99614416690042,131.9271000386454,0.01699935784384504
2624.982321090203,-31.76318679583378,134.3890369392907,0.01701789999823253
2647.435285025932,-29.12648206894376,135.0750878563918,0.0162491359454932
2670.080301908244,-26.88429401933972,134.9080905325026,0.01724759195128793
2692.919014475018,-24.96684379948251,134.0827511924699,0.01692911848751226
2715.9530795154,-23.25727974411228,132.861701943047,0.01647167473275714
2739.184167989992,-21.76396304163901,131.4623850314763,0.01711810652906998
2762.613965152074,-20.4112803508045,129.8737637456732,0.0171924331080087
2786.244170669854,-19.18732377188542,128.1363890789489,0.0176577199322312
2810.076498749761,-18.0745337116848,126.3406425064903,0.01734096897961589
2834.112678260814,-17.06108185920912,124.4934254506473,0.0173804014084477
2858.354452860025,-16.12974437002094,122.59851878625,0.01729115776164711
2882.803581118891,-15.27306644320069,120.6859240795926,0.01731583103148555
2907.461836650976,-14.48645218126323,118.7739943256276,0.01779306263968148
2932.331008240566,-13.7498184648454,116.8630954393295,0.01746002768424457
2957.412899972429,-13.0708182432422,114.9589903701527,0.01783514589627564
2982.709331362702,-12.43524473510868,113.0650556575431,0.01759341746734935
3008.222137490871,-11.84305438821088,111.191787844449,0.01729160789714434
3033.953169132901,-11.29071878617357,109.3446848171865,0.01729386476238034
3059.904292895492,-10.77430846049764,107.5202269090337,0.0173588216793294
3086.077391351496,-10.29111281221539,105.7293364008577,0.01801657836426626
3112.474363176472,-9.834114353028957,103.9631031940008,0.01792729442604661
3139.097123286436,-9.406848601039146,102.2210379244645,0.01834448536040232
3165.947602976761,-9.003352828417304,100.5225048049871,0.01805866461756148
3193.027750062291,-8.624096197628333,98.85158771741317,0.0195708469645446
3220.339529018637,-8.265041203301328,97.20106130432549,0.01894512851437893
3247.884921124677,-7.92811806535005,95.59293989500679,0.01973155068448199
3275.665924606299,-7.60766097018482,94.02085286724071,0.01933648680145193
3303.684554781352,-7.305885851704325,92.4758123313816,0.01957535733564832
3331.942844205838,-7.018460548922998,90.96425904862633,0.01892901150432815
3360.442842821367,-6.747080931898063,89.48236196122855,0.01975693754990292
3389.186618103864,-6.488856631708138,88.03655899203616,0.01927026741071364
3418.176255213546,-6.244646291359999,86.61525718177843,0.01986021960328904
3447.413857146193,-6.010172128052721,85.22894317167028,0.01936437736534339
3476.9015448857,-5.789426601873871,83.86842701793087,0.01990970395671969
3506.641457557935,-5.579421639912729,82.53494070078239,0.01996602941167696
3536.63575258594,-5.378767622245944,81.23900846855429,0.02060513134670644
3566.886605846406,-5.187446856431228,79.96622380956555,0.02005515385450206
3597.396211827537,-5.00569544658778,78.72304564914347,0.02107157085263947
3628.166783788245,-4.832043233888722,77.50309921581845,0.02027114534945501
3659.200553918692,-4.666272453599657,76.31219633012228,0.02105336718013352
3690.499773502238,-4.508054891179006,75.14743617999115,0.02061429967537704
3722.066713078747,-4.355860005295646,74.01070832258335,0.02128792030363472
3753.903662609295,-4.21205067135475,72.89205287251981,0.02019396156532797
3786.012931642298,-4.072371787191974,71.79867555838861,0.02122032192888233
3818.396849481052,-3.941198648633822,70.73139657794707,0.02116154448148159
3851.057765352701,-3.813615023759771,69.68578033911774,0.02175782461450899
3883.998048578667,-3.693006263743228,68.66190198401068,0.02261388382112703
3917.220088746526,-3.575245583421991,67.66248688149329,0.02143913194267772
3950.726295883343,-3.463995425218287,66.68353547853054,0.0223781074296718
3984.519100630524,-3.35827091081438,65.72204893324687,0.02139335433688965
4018.600954420121,-3.25432539793334,64.78159771262273,0.02265930067805976
4052.974329652683,-3.155750447606529,63.86312958126056,0.02264211647557223
4087.641719876603,-3.060395245981262,62.96191876900073,0.0224716708231546
4122.605639969004,-2.969196826879392,62.07714363801489,0.02342157236851163
4157.868626318187,-2.881312160301645,61.21433883441607,0.0222580978116926
4193.433237007621,-2.797100230942409,60.36732898480115,0.02295758704226204
4229.30205200151,-2.715689979009964,59.54316983370171,0.02285996923379451
4265.47767333196,-2.638679828644075,58.72635920445882,0.0235640270098808
4301.962725287739,-2.562264084070142,57.92670144974302,0.02372679300441136
4338.759854604637,-2.490090038615022,57.14442892722047,0.02199157481594464
4375.871730657486,-2.420930074968119,56.37825030249297,0.02423365970789587
4413.301045653795,-2.353229279639281,55.62624913186444,0.02420980311785336
4451.050514829046,-2.287532922441148,54.89060419026235,0.02349880146523592
4489.122876643677,-2.225679152446212,54.16748058357135,0.02464673887166907
4527.520892981735,-2.164677056695487,53.4594568866317,0.02353968875658398
4566.247349351221,-2.107292508668962,52.76622458639136,0.02483557294847494
4605.305055086173,-2.050381285291596,52.08510285162694,0.02506254603598258
4644.69684355046,-1.99534312494943,51.41185282675832,0.02196694413502911
4684.425572343312,-1.942709363363508,50.75270143375511,0.0253423472343376
4724.494123506638,-1.892727224960274,50.11155892999564,0.02574450892718029
4764.905403734077,-1.84321530313404,49.47672071253422,0.02532136727032233
4805.662344581877,-1.79565115964713,48.85546602095025,0.02580856413898023
4846.767902681549,-1.749819666135229,48.24586834733135,0.02563926813892665
4888.225059954347,-1.705213650071927,47.64676743154132,0.025728407586604
4930.036823827594,-1.661761545890492,47.05398784444053,0.02643572126024568
4972.20622745285,-1.620527585170303,46.47840846754559,0.02579591835280104
5014.736329925933,-1.579699815590447,45.91242303917014,0.02612046900579406
5057.630216508853,-1.541219441682461,45.35191729189322,0.02728858419691883
5100.890998853609,-1.502618632509565,44.80174451636862,0.02628244521236043
5144.521815227936,-1.466011922305267,44.26234346459081,0.02670523943516601
5188.525830742945,-1.43073116997452,43.72912092823822,0.02734024447559062
5232.906237582743,-1.395978060607289,43.21208966989272,0.02702222206239242
5277.666255236002,-1.362203346149009,42.69688753116614,0.01997708326652694
5322.809130729505,-1.329621194992152,42.19473479091636,0.02759957158376039
5368.3381388637,-1.297825575158096,41.69545651831298,0.02746399983982084
5414.25658245026,-1.267592676473047,41.2050017843921,0.02214935788891008
5460.567792551684,-1.238244083961643,40.73227096144418,0.02845486078050322
5507.275128722938,-1.209521189130915,40.25804356654849,0.02874382983319471
5554.381979255169,-1.181377186782879,39.79110809565925,0.02524764909360502
5601.891761421502,-1.154036076994453,39.330974197023,0.02837437401693427
5649.807921724941,-1.127407364382416,38.88608587467013,0.02916329767418264
5698.13393614838,-1.101755859871281,38.44016871221217,0.02752006687392033
5746.873310406775,-1.075873376205104,38.0070844636392,0.02866468607763642
5796.029580201449,-1.052192135511001,37.57443798202263,0.02947646932763526
5845.606311476587,-1.028894442500335,37.15141822155954,0.02960146909902046
5895.607100677914,-1.006074402189227,36.7354337106097,0.02338230113279854
5946.035575013607,-0.9837163030197078,36.32455583801165,0.03016255676957826
5996.895392717403,-0.9621361910329617,35.92415492064299,0.03120730667907692
6048.190243313993,-0.940855882591728,35.52375509776148,0.02827719529686027
6099.923847886671,-0.920224969915223,35.13315780097365,0.01595081140756071
6152.099959347262,-0.9002260603680605,34.74558967036683,0.03103518777736375
6204.722362708383,-0.8806754278021965,34.36344881372156,0.03138234236421326
6257.794875358003,-0.8622096679638456,33.9899416774433,0.02623880819729193
6311.321347336391,-0.8431985805793863,33.61841484820721,0.03100709927007769
6365.305661615384,-0.8250050289017605,33.25510275041931,0.031739917717569
6419.751734380086,-0.8079507638351833,32.89455228574798,0.03165334608883242
6474.663515312955,-0.790732491342921,32.54049801465025,0.0235111054231991
6530.044987880327,-0.7739396643995977,32.19329720631418,0.03211716628484429
6585.900169621385,-0.7572641914172583,31.84908349766307,0.03259196359800411
6642.233112439604,-0.7413950748961583,31.5077522808114,0.0308323287147032
6699.047902896694,-0.7260603769751738,31.17479171565722,0.02171981490136952
6756.348662509043,-0.711135456628585,30.84225259347892,0.03304436363599916
6814.139548046706,-0.6964744275438418,30.51669807672391,0.03331681794149362
6872.424751834961,-0.6821484653952419,30.19557781937384,0.0321878575678862
6931.208502058416,-0.6682440625495417,29.8798251349241,0.02232537761115512
6990.495063067746,-0.6549581359532498,29.56480124201865,0.03375526953345833
7050.288735689038,-0.6412955600808232,29.25552334348095,0.03428123033349929
7110.593857535782,-0.6288419177024328,28.95252472939273,0.03363447872958086
7171.414803323541,-0.6160274965601441,28.64801172445888,0.02541852548475807
7232.755985187308,-0.6030228493165204,28.35251862998746,0.02895989867951186
7294.621853001566,-0.5903518595418754,28.05974314651829,0.03423036469343237
7357.016894703102,-0.5790075658516348,27.77084009479199,0.03467419363417274
7419.945636616571,-0.5679760424434264,27.48477991668024,0.02917201647112488
7483.412643782861,-0.5563707536777079,27.20567238669946,0.02648252591241321
7547.422520290235,-0.5450235938849456,26.92672045232679,0.03517187289010777
7611.979909608344,-0.5343216195784738,26.65136559661846,0.03584483296855308
7677.089494925071,-0.5239276013412972,26.37758810416868,0.03383614656943917
7742.755999486259,-0.5142784832587197,26.11125372646108,0.02196216912564655
7808.984186938355,-0.5038863564264169,25.84567172867453,0.03399125075404601
7875.778861673984,-0.494186955251284,25.58274254922266,0.03689487567659475
7943.144869180463,-0.4846869493642172,25.32762879265786,0.03683947972709454
8011.087096391311,-0.4748534180356992,25.0679712203752,0.03138302007847656
8079.610472040767,-0.4661695547992932,24.81505714216872,0.02813702149942354
8148.719967021334,-0.4571424553746636,24.56558366883527,0.03702439179470689
8218.420594744375,-0.4482322248660547,24.3199361227931,0.03763889603024233
8288.717411503811,-0.4402199821920028,24.07884070884984,0.03775800201703226
8359.615516842914,-0.4314630054359248,23.83922907140743,0.03001865164555827
8431.120053924242,-0.4228691552152064,23.59958609152762,0.03129380640959771
8503.236209902743,-0.4153360558166461,23.36301922005606,0.03809563823935493
8575.96921630205,-0.4075058939428572,23.12904145002885,0.0387290738885037
8649.324349393983,-0.3997861151883491,22.90508944901261,0.03834819669577359
8723.306930581311,-0.3924024386486735,22.67465366560725,0.03088205049877753
8797.922326783779,-0.3849742117628468,22.45131881835262,0.03232762232221888
8873.175950827452,-0.3777430122794346,22.22947277127965,0.03909133705592079
8949.073261837362,-0.3705911598053797,22.00955098969676,0.03931966809944699
9025.619765633533,-0.3640632791898485,21.79244641987478,0.03951461822773685
9102.821015130407,-0.3567725713524013,21.57701265537818,0.03474405786392339
9180.682610739639,-0.3508643704506315,21.36466165276411,0.03053089134593987
9259.210200776392,-0.3441891551953244,21.15521629511655,0.04025965758940803
9338.409481869077,-0.3372161354256717,20.95074615435162,0.03979220353572452
9418.286199372602,-0.331428119144104,20.74535694801186,0.04126564468140831
9498.846147785149,-0.3255066023224105,20.54248011501761,0.03982904827722679
9580.095171168539,-0.3194427091881214,20.33857406998875,0.02806920498857352
9662.039163572172,-0.3135497051622544,20.1399742007359,0.03842346478654447
9744.684069460596,-0.3076175590101823,19.94469771532825,0.04190921526521154
9828.035884144736,-0.3019592159312071,19.75005098358832,0.04171703810843012
9912.100654216823,-0.2971523381025555,19.55595732048391,0.04277477167491557
9996.884477989019,-0.2911706683309009,19.36760862382185,0.03864715360287112
10082.3935059358,-0.2865673302266315,19.17871224532246,0.02969655992156084
10168.63394114016,-0.2809642661514073,18.99286122463927,0.04083372709820875
10255.61203974359,-0.2761914106889671,18.80760792107512,0.04326559430981287
10343.33411139988,-0.2714780428997144,18.62483097051293,0.04323776665276621
10431.8065197329,-0.2666412945437779,18.44295309367405,0.04326459941638262
10521.03568279819,-0.2618960833430009,18.26267813792715,0.04006389016052291
10611.02807354856,-0.2576299935114063,18.08962387466897,0.02996136627922093
10701.79022030368,-0.2531290767836613,17.9095498429763,0.04161941137382202
10793.32870722362,-0.2481790211310313,17.73888867328243,0.04469690984615148
10885.65017478654,-0.2436950026288362,17.56901880258047,0.04387156416854818
10978.76132027034,-0.2393927606398016,17.4010315942536,0.04485571904930033
11072.66889823856,-0.2352748387839362,17.22859612629267,0.04367349584527647
11167.37972103037,-0.2312144438659966,17.06419112987132,0.03354516220864243
11262.90065925472,-0.2272423509046712,16.90001976684815,0.04038995362544994
11359.2386422888,-0.2228080019192549,16.73858188727738,0.04568492209635493
11456.40065878066,-0.2188548486397532,16.5720389564152,0.0449421442860124
11554.39375715628,-0.2147903272370003,16.41228255432873,0.04489061622508791
11653.22504613079,-0.2113733319829279,16.25475049343274,0.04608425125322126
11752.90169522419,-0.2078194611649692,16.10091238683111,0.04285066532251738
11853.43093528148,-0.2042617235188211,15.94264790898665,0.03118922627219609
11954.82005899717,-0.2008924100788866,15.79330854661418,0.0443184497605849
12057.07642144433,-0.1974143719861231,15.63626553191412,0.04665125325321128
12160.20744060813,-0.1938238655268251,15.48334762450897,0.04629573319616868
12264.220597924,-0.1910401112772884,15.33669012132387,0.04635311693964465
12369.12343882033,-0.1875423543021585,15.19021368511793,0.04764357664983673
12474.92357326583,-0.1840378360281539,15.042980978224,0.04491790810384888
12581.6286763216,-0.1811453060994264,14.89598296737294,0.03217569822736167
12689.24648869789,-0.1777717112275314,14.74519371980109,0.04429611813433176
12797.78481731564,-0.1752288129652579,14.60757432191541,0.04825163707569252
12907.25153587284,-0.1718159695840342,14.46285185323003,0.04743627271333737
13017.65458541565,-0.1691461476858877,14.32377786092384,0.0476685388065012
13129.00197491453,-0.1659225755640585,14.1903201158673,0.0478698514249673
13241.3017818452,-0.1632178199787101,14.05062378919169,0.04841050512858459
13354.56215277462,-0.1601191574236971,13.9162700132442,0.04263136929580325
13468.79130395197,-0.157843935308514,13.77505491917353,0.0391695800891385
13583.99752190466,-0.1553897499606123,13.64319855965347,0.04766269231556353
13700.18916403948,-0.1526456277616792,13.51049089928251,0.04913345110623725
13817.37465924886,-0.1497370329025625,13.38094762186488,0.04881933623349499
13935.56250852234,-0.1477522450388563,13.25181755422106,0.04911520381530758
14054.76128556324,-0.1448607937333972,13.12170079301215,0.04957818122727124
14174.97963741063,-0.143318685160124,12.99099376035676,0.04975376484073124
14296.22628506663,-0.1401198091988909,12.8636108593826,0.04451138714837057
14418.51002412903,-0.1380998355380113,12.73804185380744,0.0390954148150051
14541.83972542936,-0.1349566977092837,12.61472173494522,0.04838404876513699
14666.22433567641,-0.1341460938771846,12.49130871903171,0.0509720637518677
14791.67287810525,-0.131052186698653,12.3651219362942,0.0501501849302274
14918.1944531318,-0.1293970188814279,12.24878352364658,0.05045530271221564
15045.798239013,-0.1267405685810678,12.12914493007234,0.05076447938512307
15174.49349251265,-0.1248753007732947,12.00966526372085,0.0510215866998668
15304.28954957288,-0.1232841059792665,11.88582009843163,0.05053150517886652
15435.19582599145,-0.1200568179247644,11.77239830816391,0.04255754785833642
15567.22181810478,-0.1191190079443483,11.65817400987518,0.04453424011848452
15700.37710347684,-0.1170460142446188,11.54245566739691,0.05161379982426505
15834.67134159395,-0.1153891805989245,11.4245411897121,0.05226644848201012
15970.11427456549,-0.1129378835576396,11.30827382646986,0.05141370434657282
16106.71572783065,-0.1115857302943736,11.20202146178184,0.05214599585174021
16244.48561087116,-0.1100161643951972,11.08972833425749,0.05144738395508968
16383.43391793018,-0.1079004193767139,10.97550754729895,0.05300379151962153
16523.5707287373,-0.1063142957668385,10.86689585999073,0.05259103518558786
16664.90620923978,-0.1042693960492286,10.76160614462931,0.04930978120465976
16807.45061233997,-0.1029707597632792,10.65035852095238,0.04036752330113826
16951.21427863912,-0.1016254026238233,10.54681519938742,0.051892853261617
17096.20763718753,-0.09952191702336417,10.44128836975275,0.05394874510307839
17242.44120624108,-0.09751736425553049,10.33148291882453,0.0530621279096205
17389.92559402425,-0.09634401451512906,10.22910136285705,0.05288363379393996
17538.6714994997,-0.09476869773759727,10.12187841139666,0.05442123187101817
17688.68971314439,-0.09327150962404099,10.02131909749502,0.04907452245055791
17839.99111773235,-0.09133531525122959,9.917069189661042,0.05340616766225406
17992.58668912416,-0.08961950745595358,9.81631752528229,0.0546545850972761
18146.48749706315,-0.08927570410408529,9.71897460024195,0.05237060451294955
18301.70470597848,-0.08770534525370502,9.621866435458116,0.04035404751039551
18458.24957579497,-0.085867943459457,9.525390113807944,0.05207708150790678
18616.13346275002,-0.08456986233386128,9.419315093673617,0.0551803873362458
18775.36782021731,-0.08339557660458428,9.323405313472861,0.05472014752108771
18935.9641995378,-0.0819749090832462,9.225905879052618,0.05383923830698452
19097.93425085756,-0.08095140705981652,9.129152343999834,0.05554856001909703
19261.28972397302,-0.07878997043494726,9.030024665415795,0.05296067827599588
19426.04246918327,-0.07825598635734675,8.945569808241203,0.04010998313041927
19592.20443814972,-0.07766425513246357,8.848199552713467,0.05616023166209903
19759.78768476316,-0.07625928194614826,8.752961301086955,0.0569539958434226
19928.80436601813,-0.07486978374712833,8.662899799011797,0.05482176055366898
20099.26674289484,-0.07328807785505001,8.569002411908272,0.04513063234071884
20271.18718124863,-0.07308292571337248,8.483802154931702,0.0520683567922986
20444.57815270703,-0.07179240779651665,8.387376313549709,0.05687964667264021
20619.45223557447,-0.06997859669331039,8.30028798686584,0.05639243068179624
20795.82211574477,-0.06949734786344296,8.214673423386692,0.05687222301197334
20973.70058762137,-0.06754615451900682,8.130605318887362,0.05726191356795775
21153.10055504554,-0.06694912038302281,8.040292415095337,0.05655785126232087
21334.03503223242,-0.06656597103147813,7.948589183987764,0.04489904172847846
21516.51714471512,-0.06508315562640174,7.866364468026141,0.05465531316923024
21700.56013029687,-0.06420576274501405,7.779254365691372,0.0575156607931409
21886.17734001137,-0.06295235734279747,7.694754169674283,0.05819551180822341
22073.38223909127,-0.06226014890118363,7.604006982058536,0.05795180512762681
22262.18840794501,-0.06177708840797745,7.519349501229186,0.05268905043278313
22452.60954314198,-0.05961869263876948,7.436730674806517,0.04879142378839713
22644.65945840608,-0.05899889523193258,7.354391227471297,0.05780082842324213
22838.35208561786,-0.05829015537649054,7.272843156114277,0.05902881585506572
23033.70147582513,-0.05796782633755031,7.196170318260711,0.05868925515264982
23230.72180026229,-0.05726660518954736,7.115039334100288,0.06003929175651881
23429.42735137838,-0.0555942410240727,7.0311108580538,0.05911500454692935
23629.83254387384,-0.05484862969349399,6.952187230998334,0.05265708633271858
23831.95191574623,-0.05385842489652186,6.869008894564871,0.05159058934965796
24035.80012934487,-0.05331166669122622,6.791890236100386,0.05978951161080172
24241.39197243446,-0.05198625295314347,6.711435213581623,0.05900735857255814
24448.74235926787,-0.05153165673065158,6.638182143786047,0.06049064482761451
24657.86633166802,-0.0515680742767009,6.55813252060824,0.06089351734718065
24868.77906011908,-0.05002580595945066,6.484704740107631,0.0594341049445971
25081.495844867,-0.0489829894220886,6.40717832662304,0.05210731822755144
25296.0321170294,-0.04846760568728403,6.326958423960873,0.05412435015034664
25512.40343971503,-0.04826204266853775,6.255473975812521,0.05997472398068097
25730.62550915272,-0.04748746981826538,6.179677631315485,0.06130169731282393
25950.71415583007,-0.04641274095408908,6.103847678305783,0.06002965342976278
26172.68534564184,-0.04563193422206385,6.029876949623443,0.06208202404003942
26396.55518104811,-0.04576219974454302,5.958930432367396,0.06057084936496948
26622.33990224249,-0.04476208164292067,5.886023458279318,0.05222593722450013
26850.05588833015,-0.04413867123370782,5.810694100503071,0.05659423772608035
27079.71965851606,-0.04376966891394755,5.743482741703218,0.062449037608312
27311.34787330334,-0.04208083597579543,5.671250025991014,0.06207849707846359
27544.95733570181,-0.04192912002579548,5.594438350842054,0.0625676574790187
27780.56499244703,-0.04120921132012896,5.524700206956197,0.06180157110522105
28018.18793522955,-0.04059965727510277,5.456326229515405,0.06209048996232935
28257.84340193489,-0.04011476124332566,5.382904752953266,0.06336521571998537
28499.54877789399,-0.0390788602861576,5.316818995796183,0.06016841552539831
28743.32159714437,-0.03931753662525864,5.246133035670596,0.05026292352772182
28989.17954370215,-0.03921694220727481,5.17486593038106,0.0609093173951751
29237.14045284487,-0.03798062341197105,5.108329269453186,0.06421029635978888
29487.22231240528,-0.03752564641321797,5.039150584512754,0.0642604797683318
29739.4432640764,-0.03768858939989712,4.972121783613787,0.06465581539936757
29993.82160472732,-0.03709883386938298,4.90095936322615,0.06460462114069554
30250.37578773069,-0.03697475608577006,4.83965997082754,0.0626854843207721
30509.12442430133,-0.03517551781149099,4.769977634791687,0.04952399499490467
30770.08628484634,-0.03594783288057453,4.704118458393253,0.06224085141934516
31033.28030032678,-0.03483571056633419,4.641022868861597,0.06610835607626805
31298.72556363095,-0.03410225407975322,4.579859836755176,0.0647726252922179
31566.44133095946,-0.03385179056415693,4.508259679116151,0.06539635362543246
31836.44702322215,-0.03328757627255258,4.443388476329357,0.06547169580468389
32108.76222744694,-0.03322990719656115,4.378935991518688,0.05987572342569134
32383.40669820067,-0.03293583581552612,4.314882860406264,0.05877230069400502
32660.40035902225,-0.03174036287092694,4.250212241193367,0.06529591858981686
32939.76330386791,-0.03100225774075116,4.192127403422916,0.06656521257808265
33221.51579856889,-0.03088562792147875,4.123806261548474,0.06435911961440498
33505.67828230161,-0.03021344965915043,4.060654932304429,0.05578590887957657
33792.27136907035,-0.03209189588651352,4.006097255463047,0.06278715882040904
34081.31584920268,-0.02981999396020694,3.93171179046729,0.06743168307118856
34372.83269085763,-0.02921961721304648,3.872766968148198,0.06629369168085439
34666.84304154681,-0.02841021407535811,3.81852686970322,0.06763360659909071
34963.3682296685,-0.02767453954481154,3.759225802633022,0.06754578541621035
35262.42976605488,-0.02828901726330149,3.687722603161433,0.06575140230892051
35564.04934553248,-0.02785100121540861,3.629064708420593,0.05440432638453109
35868.248848496,-0.02825560736615434,3.566451275663738,0.06470429896014361
36175.0503424956,-0.02734027490361309,3.508621196745025,0.0692489241931562
36484.47608383768,-0.02738279823165921,3.447133061954389,0.06769051337969027
36796.54851919949,-0.02632797865540222,3.387559756982256,0.06897898731159287
37111.29028725746,-0.0261069266034654,3.334047148777017,0.06944124499346432
37428.72422032945,-0.02554133614641395,3.267992046775873,0.06468966629512918
37748.87334603111,-0.02569144803982326,3.20786508270001,0.0605722743260004
38071.76088894637,-0.02542660637468919,3.149016029438428,0.06886329676244592
38397.41027231217,-0.02414796596989359,3.093478596263168,0.07043844331599632
38725.84511971774,-0.02396700695495677,3.032168984779524,0.06929529743246758
39057.08925681824,-0.02499376757726967,2.978173019262613,0.07205832447113902
39391.16671306321,-0.0227503809996631,2.920007712856105,0.0702926782178889
39728.10172343971,-0.02351865725090199,2.857732999353573,0.0712560450844455
40067.91873023038,-0.02345161244302558,2.800133297017055,0.06536361627927761
40410.64238478662,-0.02371933600699932,2.748259511261892,0.06292071157028194
40756.29754931678,-0.02362344330115037,2.689769779403804,0.07206633376730209
41104.90929868983,-0.02190530374833772,2.6329752553346,0.07303281655293717
41456.50292225433,-0.02091212775040359,2.566493304504188,0.07133047346600777
41811.10392567296,-0.02188487487764901,2.51448494570306,0.07243285101835195
42168.73803277286,-0.0208367614989484,2.46184405099396,0.0722172479489072
42529.43118741162,-0.02217892879452539,2.405787226996798,0.06622053933034609
42893.2095553594,-0.02156993361019578,2.344602068694427,0.06463814409207085
43260.09952619703,-0.02061866532383674,2.278789532626249,0.07254508135542995
43630.12771523043,-0.02038706546637147,2.23361695351204,0.07431470311682094
44003.32096542132,-0.02074945913568273,2.183356296519335,0.0746570308520636
44379.7063493345,-0.0194048373557754,2.128578868818124,0.07516651708497109
44759.31117110181,-0.02020190303063445,2.061870892521483,0.07370801514384315
45142.16296840282,-0.01971666931533511,2.01849001316603,0.06015527878947796
45528.28951446251,-0.01974745012688246,1.963560353691619,0.07467028354705643
45917.718820066,-0.02091280368450191,1.903998154728143,0.07710366337250743
46310.47913559058,-0.01919523163053941,1.856937960561297,0.07645683474526109
46706.59895305504,-0.01916504505967911,1.789644355124338,0.07593657073669803
47106.10700818658,-0.01831233264197697,1.741800360190072,0.07572653947567276
47509.03228250542,-0.01887783628812831,1.692979283968175,0.06542805412295792
47915.40400542711,-0.01626388881508011,1.6403982847865,0.07331292181114463
48325.25165638304,-0.01833209184772156,1.587477239223858,0.07909580406868107
48738.6049669589,-0.01786844710301761,1.524055518627137,0.0777564370316427
49155.4939230515,-0.01859603893832809,1.466278060120402,0.07770058625499941
49575.94876704404,-0.01828689234199257,1.423781629834671,0.07791856885722573
50000.00000000001,-0.01762566314167053,1.36830398454768,0.07422017827944342
